Constructor,Race ID,Year,Status,Status_value,StatusComponent,Round,Mean,StdDev,PitStopComponent,ConstructorConfidence
Ferrari,1,2018,Finished Finished,2.0,0.9554171417126291,1,21.604,0.0,-0.085,-0.081
Ferrari,1,2019,Finished Finished,2.0,0.9554171417126291,1,22.647,0.0,-0.086,-0.082
Ferrari,1,2020,Finished Finished,2.0,0.9554171417126291,1,22.442,0.7662,-0.082,-0.078
Ferrari,1,2021,Finished Finished,2.0,0.9554171417126291,1,24.351,0.0216,0.475,0.454
Ferrari,2,2018,Finished Wheel,1.1,-0.953397232322116,2,24.771,0.0,-0.087,0.083
Ferrari,2,2019,Finished Wheel,1.1,-0.953397232322116,2,24.931,0.0092,1.219,-1.162
Ferrari,2,2020,Finished Wheel,1.1,-0.953397232322116,2,21.459,0.0,-0.085,0.081
Ferrari,2,2021,Finished Wheel,1.1,-0.953397232322116,2,30.701,4.4915,-0.097,0.092
Ferrari,3,2018,Finished Finished,2.0,0.9554171417126291,3,22.961,0.0,-0.086,-0.082
Ferrari,3,2019,Finished Finished,2.0,0.9554171417126291,3,23.21,0.1531,-0.014,-0.013
Ferrari,3,2020,Finished Finished,2.0,0.9554171417126291,3,24.898,3.9722,-0.096,-0.092
Ferrari,3,2021,Finished Finished,2.0,0.9554171417126291,3,21.574,0.2489,-0.043,-0.041
Ferrari,4,2018,Finished Finished,2.0,0.9554171417126291,4,23.005,3.4114,-0.095,-0.091
Ferrari,4,2019,Finished Finished,2.0,0.9554171417126291,4,20.691,0.0,-0.085,-0.081
Ferrari,4,2020,Finished Finished,2.0,0.9554171417126291,4,34.888,2.6499,-0.096,-0.092
Ferrari,4,2021,Finished Finished,2.0,0.9554171417126291,4,22.051,0.3939,-0.064,-0.061
Ferrari,4,2022,Finished Finished,2.0,0.9554171417126291,4,30.484,0.0,-0.089,-0.085
Ferrari,5,2018,Finished Turbo,1.2,-0.7413067463182557,5,23.164,1.5691,-0.091,0.067
Ferrari,5,2019,Finished Turbo,1.2,-0.7413067463182557,5,22.518,0.7435,-0.081,0.06
Ferrari,5,2020,Finished Turbo,1.2,-0.7413067463182557,5,28.732,0.0,-0.089,0.066
Ferrari,5,2021,Finished Turbo,1.2,-0.7413067463182557,5,24.223,0.0,-0.087,0.064
Ferrari,5,2022,Finished Turbo,1.2,-0.7413067463182557,5,19.861,0.0,-0.084,0.062
Ferrari,6,2018,Finished Finished,2.0,0.9554171417126291,6,24.114,0.0,-0.087,-0.083
Ferrari,6,2019,Finished Finished,2.0,0.9554171417126291,6,25.391,0.0,-0.087,-0.083
Ferrari,6,2020,Finished Finished,2.0,0.9554171417126291,6,22.038,0.0414,0.232,0.222
Ferrari,6,2021,Finished Finished,2.0,0.9554171417126291,6,18.72,1.731,-0.09,-0.086
Ferrari,6,2022,Finished Finished,2.0,0.9554171417126291,6,22.536,0.0,-0.086,-0.082
Ferrari,7,2018,Finished Finished,2.0,0.9554171417126291,7,23.587,0.0,-0.086,-0.082
Ferrari,7,2019,Finished Finished,2.0,0.9554171417126291,7,24.393,0.239,-0.047,-0.045
Ferrari,7,2020,Finished Finished,2.0,0.9554171417126291,7,22.971,0.0,-0.086,-0.082
Ferrari,7,2021,Finished Finished,2.0,0.9554171417126291,7,31.198,0.0,-0.09,-0.086
Ferrari,7,2022,Finished Finished,2.0,0.9554171417126291,7,24.965,0.0,-0.087,-0.083
Ferrari,8,2018,Finished Finished,2.0,0.9554171417126291,8,28.055,0.5597,-0.08,-0.076
Ferrari,8,2019,Finished Finished,2.0,0.9554171417126291,8,30.116,0.1499,-0.032,-0.031
Ferrari,8,2020,Finished Finished,2.0,0.9554171417126291,8,24.737,0.4002,-0.069,-0.066
Ferrari,8,2021,Finished Finished,2.0,0.9554171417126291,8,21.386,0.0,-0.085,-0.081
Ferrari,8,2022,Finished Finished,2.0,0.9554171417126291,8,20.249,0.0,-0.084,-0.08
Ferrari,9,2018,Finished Finished,2.0,0.9554171417126291,9,22.732,0.0,-0.086,-0.082
Ferrari,9,2019,Finished Finished,2.0,0.9554171417126291,9,22.726,1.0554,-0.087,-0.083
Ferrari,9,2020,Finished Finished,2.0,0.9554171417126291,9,24.556,7.2987,-0.098,-0.094
Ferrari,9,2021,Finished Finished,2.0,0.9554171417126291,9,21.43,0.0866,0.064,0.061
Ferrari,9,2022,Finished Finished,2.0,0.9554171417126291,9,23.544,0.1945,-0.033,-0.032
Ferrari,10,2018,Finished Finished,2.0,0.9554171417126291,10,31.102,3.5677,-0.097,-0.093
Ferrari,10,2019,Finished Finished,2.0,0.9554171417126291,10,30.804,3.6936,-0.097,-0.093
Ferrari,10,2020,Finished Finished,2.0,0.9554171417126291,10,31.356,0.0,-0.09,-0.086
Ferrari,10,2021,Finished Finished,2.0,0.9554171417126291,10,31.073,4.1656,-0.097,-0.093
Ferrari,10,2022,Finished Finished,2.0,0.9554171417126291,10,40.426,14.9631,-0.099,-0.095
Ferrari,11,2018,Finished Accident,1.6,0.10705519769718697,11,19.152,0.0,-0.083,-0.009
Ferrari,11,2019,Finished Accident,1.6,0.10705519769718697,11,23.844,0.2383,-0.046,-0.005
Ferrari,11,2020,Finished Accident,1.6,0.10705519769718697,11,23.178,0.6187,-0.078,-0.008
Ferrari,11,2021,Finished Accident,1.6,0.10705519769718697,11,31.09,10.0073,-0.098,-0.01
Ferrari,11,2022,Finished Accident,1.6,0.10705519769718697,11,22.112,0.0,-0.086,-0.009
Ferrari,12,2018,Finished Finished,2.0,0.9554171417126291,12,23.13,0.9341,-0.085,-0.081
Ferrari,12,2019,Finished Finished,2.0,0.9554171417126291,12,23.512,0.0,-0.086,-0.082
Ferrari,12,2020,Finished Finished,2.0,0.9554171417126291,12,27.864,0.0,-0.088,-0.084
Ferrari,12,2022,Finished Finished,2.0,0.9554171417126291,12,36.671,0.0,-0.091,-0.087
Ferrari,13,2018,Finished Brakes,1.0,-1.1654877183259769,13,25.913,4.156,-0.096,0.112
Ferrari,13,2019,Finished Brakes,1.0,-1.1654877183259769,13,26.569,3.8376,-0.096,0.112
Ferrari,13,2020,Finished Brakes,1.0,-1.1654877183259769,13,32.539,3.7346,-0.097,0.113
Ferrari,13,2021,Finished Brakes,1.0,-1.1654877183259769,13,18.672,0.012,1.25,-1.457
Ferrari,13,2022,Finished Brakes,1.0,-1.1654877183259769,13,21.402,0.0,-0.085,0.099
Ferrari,14,2018,Finished Finished,2.0,0.9554171417126291,14,26.061,2.7994,-0.095,-0.091
Ferrari,14,2019,Finished Finished,2.0,0.9554171417126291,14,29.019,5.0147,-0.097,-0.093
Ferrari,14,2020,Finished Finished,2.0,0.9554171417126291,14,27.886,0.6965,-0.084,-0.08
Ferrari,14,2021,Finished Finished,2.0,0.9554171417126291,14,25.542,0.5445,-0.078,-0.075
Ferrari,14,2022,Finished Finished,2.0,0.9554171417126291,14,23.222,0.0,-0.086,-0.082
Ferrari,15,2018,Finished Finished,2.0,0.9554171417126291,15,29.118,0.0,-0.089,-0.085
Ferrari,15,2019,Finished Finished,2.0,0.9554171417126291,15,29.688,0.0,-0.089,-0.085
Ferrari,15,2020,Finished Finished,2.0,0.9554171417126291,15,22.333,4.6871,-0.096,-0.092
Ferrari,15,2021,Finished Finished,2.0,0.9554171417126291,15,29.679,0.0103,0.89,0.85
Ferrari,15,2022,Finished Finished,2.0,0.9554171417126291,15,20.774,2.2875,-0.093,-0.089
Ferrari,16,2018,Finished Finished,2.0,0.9554171417126291,16,29.664,0.0,-0.089,-0.085
Ferrari,16,2019,Finished Finished,2.0,0.9554171417126291,16,30.318,4.0567,-0.097,-0.093
Ferrari,16,2020,Finished Finished,2.0,0.9554171417126291,16,26.804,2.1146,-0.094,-0.09
Ferrari,16,2021,Finished Finished,2.0,0.9554171417126291,16,23.336,0.0049,2.544,2.431
Ferrari,17,2018,Finished Finished,2.0,0.9554171417126291,17,22.764,0.0,-0.086,-0.082
Ferrari,17,2019,Finished Finished,2.0,0.9554171417126291,17,23.719,0.7506,-0.082,-0.078
Ferrari,17,2020,Finished Finished,2.0,0.9554171417126291,17,22.026,0.0,-0.086,-0.082
Ferrari,17,2021,Finished Finished,2.0,0.9554171417126291,17,24.584,0.0,-0.087,-0.083
Ferrari,17,2022,Finished Finished,2.0,0.9554171417126291,17,29.704,0.0,-0.089,-0.085
Ferrari,18,2018,Finished Finished,2.0,0.9554171417126291,18,24.082,0.0,-0.087,-0.083
Ferrari,18,2019,Finished Finished,2.0,0.9554171417126291,18,22.36,0.0739,0.084,0.08
Ferrari,18,2021,Finished Finished,2.0,0.9554171417126291,18,22.35,0.0,-0.086,-0.082
Ferrari,18,2022,Finished Finished,2.0,0.9554171417126291,18,15.134,12.8474,-0.098,-0.094
Ferrari,19,2018,Finished Finished,2.0,0.9554171417126291,19,22.117,0.3115,-0.055,-0.053
Ferrari,19,2019,Finished Finished,2.0,0.9554171417126291,19,24.615,0.1004,0.023,0.022
Ferrari,19,2021,Finished Finished,2.0,0.9554171417126291,19,18.217,0.0,-0.083,-0.079
Ferrari,19,2022,Finished Finished,2.0,0.9554171417126291,19,24.307,0.0,-0.087,-0.083
Ferrari,20,2018,Finished Finished,2.0,0.9554171417126291,20,22.691,0.0467,0.186,0.178
Ferrari,20,2019,Finished Finished,2.0,0.9554171417126291,20,23.251,0.0,-0.086,-0.082
Ferrari,20,2021,Finished Finished,2.0,0.9554171417126291,20,25.815,0.1913,-0.038,-0.036
Ferrari,20,2022,Finished Finished,2.0,0.9554171417126291,20,22.534,0.0,-0.086,-0.082
Ferrari,21,2018,Finished Power loss,1.1,-0.953397232322116,21,22.63,0.0,-0.086,0.082
Ferrari,21,2019,Finished Power loss,1.1,-0.953397232322116,21,23.112,1.3835,-0.09,0.086
Ferrari,21,2021,Finished Power loss,1.1,-0.953397232322116,21,16.05,0.0,-0.08,0.076
Ferrari,21,2022,Finished Power loss,1.1,-0.953397232322116,21,24.138,0.1556,-0.019,0.018
Force India,1,2018,Finished Finished,2.0,0.9554171417126291,1,22.09,0.0,-0.086,-0.082
Force India,1,2019,Finished Finished,2.0,0.9554171417126291,1,23.234,0.0,-0.086,-0.082
Force India,1,2020,Finished Finished,2.0,0.9554171417126291,1,20.574,2.0637,-0.092,-0.088
Force India,1,2021,Finished Finished,2.0,0.9554171417126291,1,24.449,0.3065,-0.059,-0.056
Force India,1,2022,Finished Finished,2.0,0.9554171417126291,1,26.274,2.1086,-0.094,-0.09
Force India,2,2018,+1 Lap +1 Lap,1.6,0.10705519769718697,2,24.746,0.1549,-0.02,-0.002
Force India,2,2019,+1 Lap +1 Lap,1.6,0.10705519769718697,2,26.967,0.239,-0.052,-0.006
Force India,2,2020,+1 Lap +1 Lap,1.6,0.10705519769718697,2,22.761,0.0,-0.086,-0.009
Force India,2,2021,+1 Lap +1 Lap,1.6,0.10705519769718697,2,37.674,0.0561,0.044,0.005
Force India,2,2022,+1 Lap +1 Lap,1.6,0.10705519769718697,2,20.811,0.0,-0.085,-0.009
Force India,3,2018,Finished Finished,2.0,0.9554171417126291,3,22.777,0.4122,-0.067,-0.064
Force India,3,2019,Finished Finished,2.0,0.9554171417126291,3,23.733,0.0,-0.087,-0.083
Force India,3,2020,Finished Finished,2.0,0.9554171417126291,3,23.167,0.856,-0.084,-0.08
Force India,3,2021,Finished Finished,2.0,0.9554171417126291,3,21.876,0.4154,-0.066,-0.063
Force India,3,2022,Finished Finished,2.0,0.9554171417126291,3,18.281,0.0,-0.083,-0.079
Force India,4,2018,Finished Collision,1.6,0.10705519769718697,4,27.142,1.3683,-0.091,-0.01
Force India,4,2019,Finished Collision,1.6,0.10705519769718697,4,20.939,0.0,-0.085,-0.009
Force India,4,2020,Finished Collision,1.6,0.10705519769718697,4,30.768,0.0,-0.089,-0.01
Force India,4,2021,Finished Collision,1.6,0.10705519769718697,4,22.59,0.0,-0.086,-0.009
Force India,4,2022,Finished Collision,1.6,0.10705519769718697,4,30.703,0.2613,-0.062,-0.007
Force India,5,2018,+2 Laps Oil leak,1.0,-1.1654877183259769,5,35.125,0.0693,0.025,-0.029
Force India,5,2019,+2 Laps Oil leak,1.0,-1.1654877183259769,5,22.838,0.0813,0.064,-0.075
Force India,5,2020,+2 Laps Oil leak,1.0,-1.1654877183259769,5,28.093,0.0,-0.089,0.104
Force India,5,2021,+2 Laps Oil leak,1.0,-1.1654877183259769,5,24.242,0.0,-0.087,0.101
Force India,5,2022,+2 Laps Oil leak,1.0,-1.1654877183259769,5,18.748,0.0304,0.431,-0.502
Force India,6,2018,Finished Finished,2.0,0.9554171417126291,6,27.021,0.0,-0.088,-0.084
Force India,6,2019,Finished Finished,2.0,0.9554171417126291,6,28.463,0.0,-0.089,-0.085
Force India,6,2020,Finished Finished,2.0,0.9554171417126291,6,22.504,0.0,-0.086,-0.082
Force India,6,2021,Finished Finished,2.0,0.9554171417126291,6,18.576,4.6648,-0.096,-0.092
Force India,6,2022,Finished Finished,2.0,0.9554171417126291,6,22.084,0.0,-0.086,-0.082
Force India,7,2018,+1 Lap +1 Lap,1.6,0.10705519769718697,7,24.628,0.1301,-0.005,-0.001
Force India,7,2019,+1 Lap +1 Lap,1.6,0.10705519769718697,7,24.076,0.0,-0.087,-0.009
Force India,7,2020,+1 Lap +1 Lap,1.6,0.10705519769718697,7,23.74,0.0,-0.087,-0.009
Force India,7,2021,+1 Lap +1 Lap,1.6,0.10705519769718697,7,29.944,0.0,-0.089,-0.01
Force India,7,2022,+1 Lap +1 Lap,1.6,0.10705519769718697,7,24.674,0.0449,0.174,0.019
Force India,8,2019,Engine Collision,0.6,-2.013849662341419,8,37.286,0.0,-0.091,0.183
Force India,8,2020,Engine Collision,0.6,-2.013849662341419,8,25.925,0.0944,0.024,-0.048
Force India,8,2021,Engine Collision,0.6,-2.013849662341419,8,21.728,0.8895,-0.084,0.169
Force India,8,2022,Engine Collision,0.6,-2.013849662341419,8,22.751,0.3642,-0.063,0.127
Force India,9,2018,+1 Lap +1 Lap,1.6,0.10705519769718697,9,22.695,0.0,-0.086,-0.009
Force India,9,2019,+1 Lap +1 Lap,1.6,0.10705519769718697,9,22.33,0.0,-0.086,-0.009
Force India,9,2020,+1 Lap +1 Lap,1.6,0.10705519769718697,9,19.11,2.2875,-0.092,-0.01
Force India,9,2021,+1 Lap +1 Lap,1.6,0.10705519769718697,9,21.735,0.0,-0.085,-0.009
Force India,9,2022,+1 Lap +1 Lap,1.6,0.10705519769718697,9,24.814,1.2297,-0.089,-0.01
Force India,10,2018,Finished Finished,2.0,0.9554171417126291,10,29.077,0.0654,0.06,0.057
Force India,10,2019,Finished Finished,2.0,0.9554171417126291,10,32.348,4.9809,-0.097,-0.093
Force India,10,2020,Finished Finished,2.0,0.9554171417126291,10,29.835,0.0,-0.089,-0.085
Force India,10,2021,Finished Finished,2.0,0.9554171417126291,10,31.182,4.0298,-0.097,-0.093
Force India,10,2022,Finished Finished,2.0,0.9554171417126291,10,41.672,11.1016,-0.099,-0.095
Force India,11,2018,Finished Finished,2.0,0.9554171417126291,11,22.35,0.0,-0.086,-0.082
Force India,11,2020,Finished Finished,2.0,0.9554171417126291,11,22.88,0.0,-0.086,-0.082
Force India,11,2021,Finished Finished,2.0,0.9554171417126291,11,31.766,10.9686,-0.098,-0.094
Force India,11,2022,Finished Finished,2.0,0.9554171417126291,11,22.806,0.1252,0.007,0.007
Force India,12,2018,+1 Lap +1 Lap,1.6,0.10705519769718697,12,22.41,0.0,-0.086,-0.009
Force India,12,2019,+1 Lap +1 Lap,1.6,0.10705519769718697,12,21.901,0.0,-0.085,-0.009
Force India,12,2020,+1 Lap +1 Lap,1.6,0.10705519769718697,12,27.47,0.1619,-0.031,-0.003
Force India,12,2022,+1 Lap +1 Lap,1.6,0.10705519769718697,12,41.404,0.0,-0.092,-0.01
Force India,13,2018,Finished Finished,2.0,0.9554171417126291,13,21.408,2.5219,-0.094,-0.09
Force India,13,2019,Finished Finished,2.0,0.9554171417126291,13,23.133,0.0,-0.086,-0.082
Force India,13,2020,Finished Finished,2.0,0.9554171417126291,13,30.414,0.2015,-0.05,-0.048
Force India,13,2021,Finished Finished,2.0,0.9554171417126291,13,19.08,0.2588,-0.038,-0.036
Force India,13,2022,Finished Finished,2.0,0.9554171417126291,13,22.362,0.0173,0.682,0.652
Force India,14,2018,Finished Finished,2.0,0.9554171417126291,14,25.241,0.0,-0.087,-0.083
Force India,14,2019,Finished Finished,2.0,0.9554171417126291,14,25.34,0.0,-0.087,-0.083
Force India,14,2020,Finished Finished,2.0,0.9554171417126291,14,24.88,0.7934,-0.084,-0.08
Force India,14,2021,Finished Finished,2.0,0.9554171417126291,14,27.12,0.0,-0.088,-0.084
Force India,14,2022,Finished Finished,2.0,0.9554171417126291,14,23.005,0.1064,0.024,0.023
Force India,15,2018,+1 Lap Collision,1.4,-0.3171257743105346,15,28.293,3.4358,-0.096,0.03
Force India,15,2019,+1 Lap Collision,1.4,-0.3171257743105346,15,29.082,0.0,-0.089,0.028
Force India,15,2020,+1 Lap Collision,1.4,-0.3171257743105346,15,21.609,3.6593,-0.095,0.03
Force India,15,2021,+1 Lap Collision,1.4,-0.3171257743105346,15,32.964,0.0,-0.09,0.029
Force India,15,2022,+1 Lap Collision,1.4,-0.3171257743105346,15,19.121,0.0343,0.362,-0.115
Force India,16,2018,+1 Lap +1 Lap,1.6,0.10705519769718697,16,30.283,0.0,-0.089,-0.01
Force India,16,2019,+1 Lap +1 Lap,1.6,0.10705519769718697,16,30.271,0.0,-0.089,-0.01
Force India,16,2020,+1 Lap +1 Lap,1.6,0.10705519769718697,16,24.387,0.1036,0.02,0.002
Force India,16,2021,+1 Lap +1 Lap,1.6,0.10705519769718697,16,22.463,0.0,-0.086,-0.009
Force India,16,2022,+1 Lap +1 Lap,1.6,0.10705519769718697,16,23.917,0.1411,-0.01,-0.001
Force India,17,2018,Finished Finished,2.0,0.9554171417126291,17,23.476,0.0,-0.086,-0.082
Force India,17,2019,Finished Finished,2.0,0.9554171417126291,17,23.09,0.2977,-0.055,-0.053
Force India,17,2020,Finished Finished,2.0,0.9554171417126291,17,21.615,0.0,-0.085,-0.081
Force India,17,2021,Finished Finished,2.0,0.9554171417126291,17,28.335,6.4683,-0.098,-0.094
Force India,17,2022,Finished Finished,2.0,0.9554171417126291,17,29.55,0.0,-0.089,-0.085
Force India,18,2018,Finished Disqualified,1.5,-0.10503528830667382,18,25.128,0.0,-0.087,0.009
Force India,18,2019,Finished Disqualified,1.5,-0.10503528830667382,18,22.357,0.0,-0.086,0.009
Force India,18,2021,Finished Disqualified,1.5,-0.10503528830667382,18,22.607,0.0,-0.086,0.009
Force India,18,2022,Finished Disqualified,1.5,-0.10503528830667382,18,15.64,13.5867,-0.098,0.01
Force India,19,2018,+2 Laps Brakes,0.8,-1.5896686903336978,19,24.518,1.7854,-0.092,0.146
Force India,19,2019,+2 Laps Brakes,0.8,-1.5896686903336978,19,24.207,0.0,-0.087,0.138
Force India,19,2021,+2 Laps Brakes,0.8,-1.5896686903336978,19,18.754,0.0608,0.166,-0.264
Force India,19,2022,+2 Laps Brakes,0.8,-1.5896686903336978,19,24.11,0.0,-0.087,0.138
Force India,20,2018,+1 Lap +1 Lap,1.6,0.10705519769718697,20,26.358,1.4043,-0.091,-0.01
Force India,20,2019,+1 Lap +1 Lap,1.6,0.10705519769718697,20,23.11,0.0445,0.195,0.021
Force India,20,2021,+1 Lap +1 Lap,1.6,0.10705519769718697,20,25.468,0.0004,29.574,3.166
Force India,20,2022,+1 Lap +1 Lap,1.6,0.10705519769718697,20,23.618,0.0,-0.086,-0.009
Force India,21,2018,Finished Engine,1.0,-1.1654877183259769,21,22.045,0.0,-0.086,0.1
Force India,21,2019,Finished Engine,1.0,-1.1654877183259769,21,22.23,0.0,-0.086,0.1
Force India,21,2021,Finished Engine,1.0,-1.1654877183259769,21,17.699,2.3472,-0.092,0.107
Force India,21,2022,Finished Engine,1.0,-1.1654877183259769,21,23.368,0.0,-0.086,0.1
Haas F1 Team,1,2018,Wheel Wheel,0.2,-2.8622116063568614,1,22.518,0.0,-0.086,0.246
Haas F1 Team,1,2019,Wheel Wheel,0.2,-2.8622116063568614,1,26.185,0.0,-0.088,0.252
Haas F1 Team,1,2020,Wheel Wheel,0.2,-2.8622116063568614,1,23.28,0.0,-0.086,0.246
Haas F1 Team,1,2022,Wheel Wheel,0.2,-2.8622116063568614,1,25.478,0.0,-0.087,0.249
Haas F1 Team,2,2018,Finished +1 Lap,1.8,0.5312361697049081,2,25.068,0.3511,-0.065,-0.035
Haas F1 Team,2,2019,Finished +1 Lap,1.8,0.5312361697049081,2,28.515,0.0,-0.089,-0.047
Haas F1 Team,2,2020,Finished +1 Lap,1.8,0.5312361697049081,2,22.21,0.0,-0.086,-0.046
Haas F1 Team,2,2022,Finished +1 Lap,1.8,0.5312361697049081,2,22.374,0.0,-0.086,-0.046
Haas F1 Team,3,2018,Finished Finished,2.0,0.9554171417126291,3,23.166,0.2666,-0.05,-0.048
Haas F1 Team,3,2019,Finished Finished,2.0,0.9554171417126291,3,23.532,0.297,-0.056,-0.054
Haas F1 Team,3,2020,Finished Finished,2.0,0.9554171417126291,3,22.591,0.0,-0.086,-0.082
Haas F1 Team,3,2022,Finished Finished,2.0,0.9554171417126291,3,19.111,0.0,-0.083,-0.079
Haas F1 Team,4,2018,Finished Accident,1.6,0.10705519769718697,4,25.467,5.2545,-0.097,-0.01
Haas F1 Team,4,2019,Finished Accident,1.6,0.10705519769718697,4,20.697,0.262,-0.044,-0.005
Haas F1 Team,4,2020,Finished Accident,1.6,0.10705519769718697,4,33.816,0.0,-0.09,-0.01
Haas F1 Team,4,2022,Finished Accident,1.6,0.10705519769718697,4,33.765,0.0,-0.09,-0.01
Haas F1 Team,5,2018,+1 Lap Collision,1.4,-0.3171257743105346,5,22.917,0.0,-0.086,0.027
Haas F1 Team,5,2019,+1 Lap Collision,1.4,-0.3171257743105346,5,22.444,0.3419,-0.06,0.019
Haas F1 Team,5,2020,+1 Lap Collision,1.4,-0.3171257743105346,5,29.269,0.1609,-0.035,0.011
Haas F1 Team,5,2022,+1 Lap Collision,1.4,-0.3171257743105346,5,20.217,0.6456,-0.076,0.024
Haas F1 Team,6,2018,Finished +1 Lap,1.8,0.5312361697049081,6,24.446,0.0612,0.103,0.055
Haas F1 Team,6,2019,Finished +1 Lap,1.8,0.5312361697049081,6,24.819,0.0,-0.087,-0.046
Haas F1 Team,6,2020,Finished +1 Lap,1.8,0.5312361697049081,6,23.68,0.0,-0.087,-0.046
Haas F1 Team,6,2022,Finished +1 Lap,1.8,0.5312361697049081,6,26.755,4.0687,-0.096,-0.051
Haas F1 Team,7,2018,+1 Lap +1 Lap,1.6,0.10705519769718697,7,24.204,0.0,-0.087,-0.009
Haas F1 Team,7,2019,+1 Lap +1 Lap,1.6,0.10705519769718697,7,24.226,0.0,-0.087,-0.009
Haas F1 Team,7,2020,+1 Lap +1 Lap,1.6,0.10705519769718697,7,24.442,0.6424,-0.08,-0.009
Haas F1 Team,8,2018,Finished +1 Lap,1.8,0.5312361697049081,8,27.708,0.0,-0.088,-0.047
Haas F1 Team,8,2019,Finished +1 Lap,1.8,0.5312361697049081,8,30.835,0.0,-0.089,-0.047
Haas F1 Team,8,2020,Finished +1 Lap,1.8,0.5312361697049081,8,33.007,0.0,-0.09,-0.048
Haas F1 Team,8,2022,Finished +1 Lap,1.8,0.5312361697049081,8,21.555,0.0,-0.085,-0.045
Haas F1 Team,9,2018,+1 Lap +1 Lap,1.6,0.10705519769718697,9,22.13,0.0,-0.086,-0.009
Haas F1 Team,9,2019,+1 Lap +1 Lap,1.6,0.10705519769718697,9,21.428,1.9058,-0.092,-0.01
Haas F1 Team,9,2020,+1 Lap +1 Lap,1.6,0.10705519769718697,9,24.396,0.5452,-0.077,-0.008
Haas F1 Team,9,2022,+1 Lap +1 Lap,1.6,0.10705519769718697,9,38.262,0.0,-0.091,-0.01
Haas F1 Team,10,2018,Finished Collision,1.6,0.10705519769718697,10,28.852,0.0,-0.089,-0.01
Haas F1 Team,10,2019,Finished Collision,1.6,0.10705519769718697,10,33.164,0.0,-0.09,-0.01
Haas F1 Team,10,2020,Finished Collision,1.6,0.10705519769718697,10,30.104,0.0233,0.332,0.036
Haas F1 Team,10,2022,Finished Collision,1.6,0.10705519769718697,10,40.238,15.224,-0.099,-0.011
Haas F1 Team,11,2018,Finished Finished,2.0,0.9554171417126291,11,20.008,0.0,-0.084,-0.08
Haas F1 Team,11,2019,Finished Finished,2.0,0.9554171417126291,11,24.187,0.0258,0.385,0.368
Haas F1 Team,11,2020,Finished Finished,2.0,0.9554171417126291,11,23.35,0.0346,0.275,0.263
Haas F1 Team,11,2022,Finished Finished,2.0,0.9554171417126291,11,22.146,0.0827,0.066,0.063
Haas F1 Team,12,2018,+1 Lap +1 Lap,1.6,0.10705519769718697,12,23.43,0.0,-0.086,-0.009
Haas F1 Team,12,2019,+1 Lap +1 Lap,1.6,0.10705519769718697,12,21.826,0.0,-0.085,-0.009
Haas F1 Team,12,2020,+1 Lap +1 Lap,1.6,0.10705519769718697,12,27.143,0.0,-0.088,-0.009
Haas F1 Team,12,2022,+1 Lap +1 Lap,1.6,0.10705519769718697,12,36.591,0.2659,-0.068,-0.007
Haas F1 Team,13,2018,Finished Finished,2.0,0.9554171417126291,13,21.963,2.5636,-0.094,-0.09
Haas F1 Team,13,2019,Finished Finished,2.0,0.9554171417126291,13,22.748,0.0,-0.086,-0.082
Haas F1 Team,13,2020,Finished Finished,2.0,0.9554171417126291,13,30.759,0.2747,-0.063,-0.06
Haas F1 Team,13,2022,Finished Finished,2.0,0.9554171417126291,13,26.426,4.5474,-0.097,-0.093
Haas F1 Team,14,2018,+1 Lap Disqualified,1.3,-0.529216260314395,14,31.671,0.0,-0.09,0.048
Haas F1 Team,14,2019,+1 Lap Disqualified,1.3,-0.529216260314395,14,25.245,0.6852,-0.082,0.043
Haas F1 Team,14,2020,+1 Lap Disqualified,1.3,-0.529216260314395,14,19.989,7.9617,-0.097,0.051
Haas F1 Team,14,2022,+1 Lap Disqualified,1.3,-0.529216260314395,14,25.106,2.4176,-0.094,0.05
Haas F1 Team,15,2018,+1 Lap +2 Laps,1.6,0.10705519769718697,15,29.666,0.3888,-0.073,-0.008
Haas F1 Team,15,2019,+1 Lap +2 Laps,1.6,0.10705519769718697,15,33.338,5.5271,-0.098,-0.01
Haas F1 Team,15,2020,+1 Lap +2 Laps,1.6,0.10705519769718697,15,28.656,13.6337,-0.098,-0.01
Haas F1 Team,15,2022,+1 Lap +2 Laps,1.6,0.10705519769718697,15,22.248,2.0683,-0.093,-0.01
Haas F1 Team,16,2018,+1 Lap +1 Lap,1.6,0.10705519769718697,16,30.187,0.0,-0.089,-0.01
Haas F1 Team,16,2019,+1 Lap +1 Lap,1.6,0.10705519769718697,16,30.509,0.0,-0.089,-0.01
Haas F1 Team,16,2020,+1 Lap +1 Lap,1.6,0.10705519769718697,16,25.47,0.0057,1.983,0.212
Haas F1 Team,16,2022,+1 Lap +1 Lap,1.6,0.10705519769718697,16,27.505,3.7604,-0.096,-0.01
Haas F1 Team,17,2018,Finished Collision damage,1.0,-1.1654877183259769,17,26.35,0.0,-0.088,0.103
Haas F1 Team,17,2019,Finished Collision damage,1.0,-1.1654877183259769,17,23.771,0.0647,0.097,-0.113
Haas F1 Team,17,2020,Finished Collision damage,1.0,-1.1654877183259769,17,22.906,0.2715,-0.051,0.059
Haas F1 Team,17,2022,Finished Collision damage,1.0,-1.1654877183259769,17,35.925,4.698,-0.097,0.113
Haas F1 Team,18,2018,Collision damage Disqualified,0.5,-2.2259401483452796,18,29.414,0.0,-0.089,0.198
Haas F1 Team,18,2019,Collision damage Disqualified,0.5,-2.2259401483452796,18,23.606,0.0,-0.086,0.191
Haas F1 Team,18,2022,Collision damage Disqualified,0.5,-2.2259401483452796,18,6.042,0.0,-0.049,0.109
Haas F1 Team,19,2018,+2 Laps +3 Laps,1.6,0.10705519769718697,19,22.735,0.245,-0.045,-0.005
Haas F1 Team,19,2019,+2 Laps +3 Laps,1.6,0.10705519769718697,19,24.706,0.07,0.076,0.008
Haas F1 Team,19,2022,+2 Laps +3 Laps,1.6,0.10705519769718697,19,29.039,0.0,-0.089,-0.01
Haas F1 Team,20,2018,Finished Finished,2.0,0.9554171417126291,20,23.259,0.0,-0.086,-0.082
Haas F1 Team,20,2019,Finished Finished,2.0,0.9554171417126291,20,23.833,0.0,-0.087,-0.083
Haas F1 Team,20,2022,Finished Finished,2.0,0.9554171417126291,20,23.722,0.0,-0.087,-0.083
Haas F1 Team,21,2018,+1 Lap +1 Lap,1.6,0.10705519769718697,21,21.97,0.0,-0.086,-0.009
Haas F1 Team,21,2019,+1 Lap +1 Lap,1.6,0.10705519769718697,21,21.75,0.0,-0.085,-0.009
McLaren,1,2018,Finished Finished,2.0,0.9554171417126291,1,22.524,0.0,-0.086,-0.082
McLaren,1,2021,Finished Finished,2.0,0.9554171417126291,1,24.574,0.2843,-0.056,-0.054
McLaren,1,2022,Finished Finished,2.0,0.9554171417126291,1,25.137,0.3224,-0.062,-0.059
McLaren,2,2018,+1 Lap +1 Lap,1.6,0.10705519769718697,2,24.946,0.1633,-0.025,-0.003
McLaren,2,2021,+1 Lap +1 Lap,1.6,0.10705519769718697,2,30.864,0.0,-0.089,-0.01
McLaren,2,2022,+1 Lap +1 Lap,1.6,0.10705519769718697,2,21.543,0.0,-0.085,-0.009
McLaren,3,2018,Finished Finished,2.0,0.9554171417126291,3,23.92,0.0,-0.087,-0.083
McLaren,3,2021,Finished Finished,2.0,0.9554171417126291,3,21.452,0.0,-0.085,-0.081
McLaren,3,2022,Finished Finished,2.0,0.9554171417126291,3,18.595,0.2843,-0.042,-0.04
McLaren,4,2018,Finished Finished,2.0,0.9554171417126291,4,38.813,0.0867,-0.009,-0.009
McLaren,4,2021,Finished Finished,2.0,0.9554171417126291,4,22.043,0.0,-0.086,-0.082
McLaren,5,2018,+1 Lap Gearbox,0.8,-1.5896686903336978,5,24.568,0.0,-0.087,0.138
McLaren,5,2021,+1 Lap Gearbox,0.8,-1.5896686903336978,5,23.803,0.0,-0.087,0.138
McLaren,5,2022,+1 Lap Gearbox,0.8,-1.5896686903336978,5,21.638,0.0,-0.085,0.135
McLaren,6,2018,+1 Lap Gearbox,0.8,-1.5896686903336978,6,25.184,0.4876,-0.075,0.119
McLaren,6,2021,+1 Lap Gearbox,0.8,-1.5896686903336978,6,20.076,0.1308,0.016,-0.025
McLaren,6,2022,+1 Lap Gearbox,0.8,-1.5896686903336978,6,22.144,0.326,-0.057,0.091
McLaren,7,2018,+2 Laps Exhaust,0.9,-1.3775782043298372,7,27.686,6.1769,-0.098,0.135
McLaren,7,2021,+2 Laps Exhaust,0.9,-1.3775782043298372,7,31.288,0.0,-0.09,0.124
McLaren,7,2022,+2 Laps Exhaust,0.9,-1.3775782043298372,7,24.526,0.0,-0.087,0.12
McLaren,8,2018,+1 Lap Wheel,0.9,-1.3775782043298372,8,24.844,0.3539,-0.065,0.09
McLaren,8,2021,+1 Lap Wheel,0.9,-1.3775782043298372,8,21.131,0.0,-0.085,0.117
McLaren,8,2022,+1 Lap Wheel,0.9,-1.3775782043298372,8,20.571,0.0,-0.085,0.117
McLaren,9,2018,+1 Lap Collision damage,0.8,-1.5896686903336978,9,28.065,8.4962,-0.098,0.156
McLaren,9,2021,+1 Lap Collision damage,0.8,-1.5896686903336978,9,22.663,0.0,-0.086,0.137
McLaren,9,2022,+1 Lap Collision damage,0.8,-1.5896686903336978,9,24.459,0.9617,-0.086,0.137
McLaren,10,2018,Finished Finished,2.0,0.9554171417126291,10,28.424,0.3387,-0.068,-0.065
McLaren,10,2021,Finished Finished,2.0,0.9554171417126291,10,34.018,0.0,-0.09,-0.086
McLaren,10,2022,Finished Finished,2.0,0.9554171417126291,10,50.055,0.0,-0.093,-0.089
McLaren,11,2018,Finished Retired,1.0,-1.1654877183259769,11,20.056,0.5986,-0.074,0.086
McLaren,11,2021,Finished Retired,1.0,-1.1654877183259769,11,30.568,9.2688,-0.098,0.114
McLaren,11,2022,Finished Retired,1.0,-1.1654877183259769,11,21.552,0.0,-0.085,0.099
McLaren,12,2018,+1 Lap Gearbox,0.8,-1.5896686903336978,12,21.764,0.0,-0.085,0.135
McLaren,12,2022,+1 Lap Gearbox,0.8,-1.5896686903336978,12,36.524,0.0,-0.091,0.145
McLaren,13,2018,+1 Lap Accident,1.4,-0.3171257743105346,13,21.276,2.0216,-0.092,0.029
McLaren,13,2021,+1 Lap Accident,1.4,-0.3171257743105346,13,19.018,0.0,-0.083,0.026
McLaren,13,2022,+1 Lap Accident,1.4,-0.3171257743105346,13,22.083,0.0,-0.086,0.027
McLaren,14,2018,+1 Lap Engine,0.8,-1.5896686903336978,14,24.094,0.0,-0.087,0.138
McLaren,14,2021,+1 Lap Engine,0.8,-1.5896686903336978,14,24.797,0.0,-0.087,0.138
McLaren,14,2022,+1 Lap Engine,0.8,-1.5896686903336978,14,23.298,0.9284,-0.085,0.135
McLaren,15,2018,Finished +1 Lap,1.8,0.5312361697049081,15,30.078,0.0,-0.089,-0.047
McLaren,15,2021,Finished +1 Lap,1.8,0.5312361697049081,15,30.157,0.0,-0.089,-0.047
McLaren,15,2022,Finished +1 Lap,1.8,0.5312361697049081,15,19.578,0.0,-0.084,-0.045
McLaren,16,2018,+1 Lap +2 Laps,1.6,0.10705519769718697,16,29.992,0.0,-0.089,-0.01
McLaren,16,2021,+1 Lap +2 Laps,1.6,0.10705519769718697,16,29.116,0.0,-0.089,-0.01
McLaren,17,2018,+1 Lap +1 Lap,1.6,0.10705519769718697,17,25.306,0.0,-0.087,-0.009
McLaren,17,2021,+1 Lap +1 Lap,1.6,0.10705519769718697,17,23.71,0.1895,-0.032,-0.003
McLaren,18,2018,+1 Lap Collision,1.4,-0.3171257743105346,18,24.13,0.0919,0.037,-0.012
McLaren,18,2021,+1 Lap Collision,1.4,-0.3171257743105346,18,23.985,0.0,-0.087,0.028
McLaren,18,2022,+1 Lap Collision,1.4,-0.3171257743105346,18,6.036,0.0,-0.049,0.016
McLaren,19,2018,+2 Laps Engine,0.8,-1.5896686903336978,19,22.174,0.0,-0.086,0.137
McLaren,19,2021,+2 Laps Engine,0.8,-1.5896686903336978,19,17.751,0.0,-0.082,0.13
McLaren,19,2022,+2 Laps Engine,0.8,-1.5896686903336978,19,31.788,11.1985,-0.098,0.156
McLaren,20,2018,+1 Lap +2 Laps,1.6,0.10705519769718697,20,25.509,3.7855,-0.096,-0.01
McLaren,20,2021,+1 Lap +2 Laps,1.6,0.10705519769718697,20,25.991,0.0,-0.088,-0.009
McLaren,20,2022,+1 Lap +2 Laps,1.6,0.10705519769718697,20,23.159,0.0,-0.086,-0.009
McLaren,21,2018,+1 Lap +1 Lap,1.6,0.10705519769718697,21,22.022,0.0,-0.086,-0.009
McLaren,21,2021,+1 Lap +1 Lap,1.6,0.10705519769718697,21,18.232,3.0731,-0.094,-0.01
McLaren,21,2022,+1 Lap +1 Lap,1.6,0.10705519769718697,21,26.166,3.8021,-0.096,-0.01
Mercedes,1,2018,Finished Finished,2.0,0.9554171417126291,1,21.742,0.0,-0.085,-0.081
Mercedes,1,2019,Finished Finished,2.0,0.9554171417126291,1,21.764,0.0,-0.085,-0.081
Mercedes,1,2020,Finished Finished,2.0,0.9554171417126291,1,19.14,3.8944,-0.095,-0.091
Mercedes,1,2021,Finished Finished,2.0,0.9554171417126291,1,26.518,3.3227,-0.096,-0.092
Mercedes,1,2022,Finished Finished,2.0,0.9554171417126291,1,25.696,0.2104,-0.043,-0.041
Mercedes,2,2018,Finished Finished,2.0,0.9554171417126291,2,25.204,0.0,-0.087,-0.083
Mercedes,2,2019,Finished Finished,2.0,0.9554171417126291,2,24.577,0.0244,0.405,0.387
Mercedes,2,2020,Finished Finished,2.0,0.9554171417126291,2,21.553,0.0,-0.085,-0.081
Mercedes,2,2021,Finished Finished,2.0,0.9554171417126291,2,32.661,2.1517,-0.095,-0.091
Mercedes,2,2022,Finished Finished,2.0,0.9554171417126291,2,22.212,0.0527,0.159,0.152
Mercedes,3,2018,Finished Finished,2.0,0.9554171417126291,3,22.28,0.0,-0.086,-0.082
Mercedes,3,2019,Finished Finished,2.0,0.9554171417126291,3,22.658,0.3369,-0.06,-0.057
Mercedes,3,2020,Finished Finished,2.0,0.9554171417126291,3,22.048,0.0926,0.049,0.047
Mercedes,3,2021,Finished Finished,2.0,0.9554171417126291,3,22.01,0.3384,-0.059,-0.056
Mercedes,3,2022,Finished Finished,2.0,0.9554171417126291,3,18.145,0.0,-0.083,-0.079
Mercedes,4,2018,Finished Puncture,1.0,-1.1654877183259769,4,20.522,0.3366,-0.056,0.065
Mercedes,4,2019,Finished Puncture,1.0,-1.1654877183259769,4,20.0,0.0,-0.084,0.098
Mercedes,4,2020,Finished Puncture,1.0,-1.1654877183259769,4,30.446,1.0716,-0.09,0.105
Mercedes,4,2021,Finished Puncture,1.0,-1.1654877183259769,4,22.23,0.0502,0.172,-0.2
Mercedes,4,2022,Finished Puncture,1.0,-1.1654877183259769,4,36.848,0.0,-0.091,0.106
Mercedes,5,2018,Finished Finished,2.0,0.9554171417126291,5,22.649,0.0,-0.086,-0.082
Mercedes,5,2019,Finished Finished,2.0,0.9554171417126291,5,22.207,0.0926,0.048,0.046
Mercedes,5,2020,Finished Finished,2.0,0.9554171417126291,5,28.407,0.0,-0.089,-0.085
Mercedes,5,2021,Finished Finished,2.0,0.9554171417126291,5,24.014,0.326,-0.061,-0.058
Mercedes,5,2022,Finished Finished,2.0,0.9554171417126291,5,19.217,0.0,-0.084,-0.08
Mercedes,6,2018,Finished Finished,2.0,0.9554171417126291,6,23.88,0.0,-0.087,-0.083
Mercedes,6,2019,Finished Finished,2.0,0.9554171417126291,6,24.584,0.0898,0.038,0.036
Mercedes,6,2020,Finished Finished,2.0,0.9554171417126291,6,22.844,0.0,-0.086,-0.082
Mercedes,6,2021,Finished Finished,2.0,0.9554171417126291,6,19.654,2.4883,-0.093,-0.089
Mercedes,6,2022,Finished Finished,2.0,0.9554171417126291,6,24.783,3.1639,-0.095,-0.091
Mercedes,7,2018,Finished Finished,2.0,0.9554171417126291,7,23.555,0.0,-0.086,-0.082
Mercedes,7,2019,Finished Finished,2.0,0.9554171417126291,7,23.694,0.1902,-0.032,-0.031
Mercedes,7,2020,Finished Finished,2.0,0.9554171417126291,7,24.423,0.0,-0.087,-0.083
Mercedes,7,2021,Finished Finished,2.0,0.9554171417126291,7,30.418,0.0,-0.089,-0.085
Mercedes,7,2022,Finished Finished,2.0,0.9554171417126291,7,25.258,0.1022,0.018,0.017
Mercedes,8,2018,Finished Finished,2.0,0.9554171417126291,8,26.81,0.9585,-0.088,-0.084
Mercedes,8,2019,Finished Finished,2.0,0.9554171417126291,8,30.299,0.0,-0.089,-0.085
Mercedes,8,2020,Finished Finished,2.0,0.9554171417126291,8,24.78,0.3384,-0.063,-0.06
Mercedes,8,2021,Finished Finished,2.0,0.9554171417126291,8,21.591,0.1488,-0.005,-0.005
Mercedes,8,2022,Finished Finished,2.0,0.9554171417126291,8,21.065,0.2259,-0.036,-0.034
Mercedes,9,2018,Fuel pressure Hydraulics,0.1,-3.074302092360722,9,21.112,0.1874,-0.023,0.071
Mercedes,9,2019,Fuel pressure Hydraulics,0.1,-3.074302092360722,9,26.31,0.0,-0.088,0.271
Mercedes,9,2020,Fuel pressure Hydraulics,0.1,-3.074302092360722,9,20.302,3.8947,-0.095,0.292
Mercedes,9,2021,Fuel pressure Hydraulics,0.1,-3.074302092360722,9,21.142,0.1471,-0.002,0.006
Mercedes,9,2022,Fuel pressure Hydraulics,0.1,-3.074302092360722,9,24.966,0.0014,8.549,-26.282
Mercedes,10,2018,Finished Finished,2.0,0.9554171417126291,10,28.438,0.0,-0.089,-0.085
Mercedes,10,2019,Finished Finished,2.0,0.9554171417126291,10,28.62,0.1117,-0.005,-0.005
Mercedes,10,2020,Finished Finished,2.0,0.9554171417126291,10,35.551,0.0,-0.091,-0.087
Mercedes,10,2021,Finished Finished,2.0,0.9554171417126291,10,32.559,2.0506,-0.095,-0.091
Mercedes,10,2022,Finished Finished,2.0,0.9554171417126291,10,50.05,0.0,-0.093,-0.089
Mercedes,11,2018,Finished Finished,2.0,0.9554171417126291,11,22.606,4.9819,-0.097,-0.093
Mercedes,11,2019,Finished Finished,2.0,0.9554171417126291,11,20.787,0.617,-0.076,-0.073
Mercedes,11,2020,Finished Finished,2.0,0.9554171417126291,11,23.103,0.2839,-0.053,-0.051
Mercedes,11,2021,Finished Finished,2.0,0.9554171417126291,11,24.009,0.0,-0.087,-0.083
Mercedes,11,2022,Finished Finished,2.0,0.9554171417126291,11,23.252,0.8482,-0.084,-0.08
Mercedes,12,2018,Finished Finished,2.0,0.9554171417126291,12,21.408,0.0,-0.085,-0.081
Mercedes,12,2019,Finished Finished,2.0,0.9554171417126291,12,24.836,4.6224,-0.097,-0.093
Mercedes,12,2020,Finished Finished,2.0,0.9554171417126291,12,26.837,0.0,-0.088,-0.084
Mercedes,12,2022,Finished Finished,2.0,0.9554171417126291,12,37.188,0.472,-0.082,-0.078
Mercedes,13,2018,Finished Finished,2.0,0.9554171417126291,13,23.154,4.6574,-0.096,-0.092
Mercedes,13,2019,Finished Finished,2.0,0.9554171417126291,13,23.038,0.0,-0.086,-0.082
Mercedes,13,2020,Finished Finished,2.0,0.9554171417126291,13,30.259,0.379,-0.073,-0.07
Mercedes,13,2021,Finished Finished,2.0,0.9554171417126291,13,19.791,1.2381,-0.087,-0.083
Mercedes,13,2022,Finished Finished,2.0,0.9554171417126291,13,21.986,0.0,-0.086,-0.082
Mercedes,14,2018,Finished Finished,2.0,0.9554171417126291,14,23.746,0.0,-0.087,-0.083
Mercedes,14,2019,Finished Finished,2.0,0.9554171417126291,14,23.761,0.064,0.1,0.096
Mercedes,14,2020,Finished Finished,2.0,0.9554171417126291,14,23.629,0.0,-0.086,-0.082
Mercedes,14,2021,Finished Finished,2.0,0.9554171417126291,14,24.964,0.0,-0.087,-0.083
Mercedes,15,2018,Finished Finished,2.0,0.9554171417126291,15,28.744,0.0,-0.089,-0.085
Mercedes,15,2019,Finished Finished,2.0,0.9554171417126291,15,29.082,0.0,-0.089,-0.085
Mercedes,15,2020,Finished Finished,2.0,0.9554171417126291,15,21.76,3.8732,-0.096,-0.092
Mercedes,15,2021,Finished Finished,2.0,0.9554171417126291,15,29.857,0.1888,-0.046,-0.044
Mercedes,15,2022,Finished Finished,2.0,0.9554171417126291,15,19.72,0.4624,-0.066,-0.063
Mercedes,16,2018,Finished Finished,2.0,0.9554171417126291,16,29.673,0.0,-0.089,-0.085
Mercedes,16,2019,Finished Finished,2.0,0.9554171417126291,16,29.594,0.0,-0.089,-0.085
Mercedes,16,2020,Finished Finished,2.0,0.9554171417126291,16,24.552,0.0,-0.087,-0.083
Mercedes,16,2021,Finished Finished,2.0,0.9554171417126291,16,22.823,0.0,-0.086,-0.082
Mercedes,16,2022,Finished Finished,2.0,0.9554171417126291,16,24.52,0.0,-0.087,-0.083
Mercedes,17,2018,Finished Finished,2.0,0.9554171417126291,17,22.696,0.0,-0.086,-0.082
Mercedes,17,2019,Finished Finished,2.0,0.9554171417126291,17,23.332,0.0587,0.121,0.116
Mercedes,17,2020,Finished Finished,2.0,0.9554171417126291,17,21.996,0.0,-0.086,-0.082
Mercedes,17,2021,Finished Finished,2.0,0.9554171417126291,17,24.462,0.0,-0.087,-0.083
Mercedes,17,2022,Finished Finished,2.0,0.9554171417126291,17,36.593,0.0,-0.091,-0.087
Mercedes,18,2018,Finished Finished,2.0,0.9554171417126291,18,23.641,0.0785,0.064,0.061
Mercedes,18,2019,Finished Finished,2.0,0.9554171417126291,18,22.224,0.0,-0.086,-0.082
Mercedes,18,2021,Finished Finished,2.0,0.9554171417126291,18,24.093,2.1539,-0.093,-0.089
Mercedes,18,2022,Finished Finished,2.0,0.9554171417126291,18,15.503,13.3802,-0.098,-0.094
Mercedes,19,2018,Finished +1 Lap,1.8,0.5312361697049081,19,22.584,0.5129,-0.073,-0.039
Mercedes,19,2019,Finished +1 Lap,1.8,0.5312361697049081,19,23.964,0.1174,0.008,0.004
Mercedes,19,2021,Finished +1 Lap,1.8,0.5312361697049081,19,18.077,0.2871,-0.041,-0.022
Mercedes,19,2022,Finished +1 Lap,1.8,0.5312361697049081,19,24.631,0.0803,0.054,0.029
Mercedes,20,2018,Finished Finished,2.0,0.9554171417126291,20,22.741,0.0806,0.066,0.063
Mercedes,20,2019,Finished Finished,2.0,0.9554171417126291,20,23.082,0.0948,0.039,0.037
Mercedes,20,2021,Finished Finished,2.0,0.9554171417126291,20,30.824,0.0516,0.091,0.087
Mercedes,20,2022,Finished Finished,2.0,0.9554171417126291,20,23.528,0.0,-0.086,-0.082
Mercedes,21,2018,Finished Finished,2.0,0.9554171417126291,21,21.364,0.11,0.029,0.028
Mercedes,21,2019,Finished Finished,2.0,0.9554171417126291,21,21.662,0.0,-0.085,-0.081
Mercedes,21,2021,Finished Finished,2.0,0.9554171417126291,21,18.58,3.5985,-0.095,-0.091
Mercedes,21,2022,Finished Finished,2.0,0.9554171417126291,21,24.172,0.2503,-0.049,-0.047
Red Bull,1,2018,Finished Finished,2.0,0.9554171417126291,1,21.196,0.0,-0.085,-0.081
Red Bull,1,2019,Finished Finished,2.0,0.9554171417126291,1,27.092,0.0,-0.088,-0.084
Red Bull,1,2021,Finished Finished,2.0,0.9554171417126291,1,24.719,0.0117,0.946,0.904
Red Bull,1,2022,Finished Finished,2.0,0.9554171417126291,1,24.916,0.0141,0.761,0.727
Red Bull,2,2018,Puncture Electrical,0.0,-3.2863925783645827,2,30.381,0.0,-0.089,0.292
Red Bull,2,2019,Puncture Electrical,0.0,-3.2863925783645827,2,25.57,0.8945,-0.086,0.283
Red Bull,2,2020,Puncture Electrical,0.0,-3.2863925783645827,2,21.309,0.0544,0.161,-0.529
Red Bull,2,2021,Puncture Electrical,0.0,-3.2863925783645827,2,31.373,0.9928,-0.09,0.296
Red Bull,2,2022,Puncture Electrical,0.0,-3.2863925783645827,2,20.69,0.0,-0.085,0.279
Red Bull,3,2018,Finished Finished,2.0,0.9554171417126291,3,22.761,0.1662,-0.019,-0.018
Red Bull,3,2019,Finished Finished,2.0,0.9554171417126291,3,23.15,0.3033,-0.056,-0.054
Red Bull,3,2020,Finished Finished,2.0,0.9554171417126291,3,21.724,0.0,-0.085,-0.081
Red Bull,3,2021,Finished Finished,2.0,0.9554171417126291,3,22.188,0.2171,-0.037,-0.035
Red Bull,3,2022,Finished Finished,2.0,0.9554171417126291,3,18.216,0.0,-0.083,-0.079
Red Bull,4,2018,Collision Collision,1.2,-0.7413067463182557,4,19.845,0.0,-0.084,0.062
Red Bull,4,2019,Collision Collision,1.2,-0.7413067463182557,4,20.928,0.0,-0.085,0.063
Red Bull,4,2020,Collision Collision,1.2,-0.7413067463182557,4,28.9,0.023,0.355,-0.263
Red Bull,4,2021,Collision Collision,1.2,-0.7413067463182557,4,22.824,0.2277,-0.041,0.03
Red Bull,4,2022,Collision Collision,1.2,-0.7413067463182557,4,30.476,0.6231,-0.083,0.062
Red Bull,5,2018,Finished Finished,2.0,0.9554171417126291,5,21.679,0.0,-0.085,-0.081
Red Bull,5,2019,Finished Finished,2.0,0.9554171417126291,5,22.51,0.1577,-0.014,-0.013
Red Bull,5,2020,Finished Finished,2.0,0.9554171417126291,5,28.714,0.1941,-0.045,-0.043
Red Bull,5,2021,Finished Finished,2.0,0.9554171417126291,5,24.23,0.0,-0.087,-0.083
Red Bull,5,2022,Finished Finished,2.0,0.9554171417126291,5,19.09,0.0721,0.12,0.115
Red Bull,6,2018,Finished Finished,2.0,0.9554171417126291,6,24.327,0.0,-0.087,-0.083
Red Bull,6,2019,Finished Finished,2.0,0.9554171417126291,6,24.14,0.0,-0.087,-0.083
Red Bull,6,2020,Finished Finished,2.0,0.9554171417126291,6,21.702,0.0244,0.472,0.451
Red Bull,6,2021,Finished Finished,2.0,0.9554171417126291,6,19.926,0.0,-0.084,-0.08
Red Bull,6,2022,Finished Finished,2.0,0.9554171417126291,6,22.097,0.0732,0.088,0.084
Red Bull,7,2018,Finished Finished,2.0,0.9554171417126291,7,23.208,0.0,-0.086,-0.082
Red Bull,7,2019,Finished Finished,2.0,0.9554171417126291,7,23.676,0.0,-0.087,-0.083
Red Bull,7,2020,Finished Finished,2.0,0.9554171417126291,7,23.45,0.0,-0.086,-0.082
Red Bull,7,2021,Finished Finished,2.0,0.9554171417126291,7,29.957,0.1131,-0.01,-0.01
Red Bull,7,2022,Finished Finished,2.0,0.9554171417126291,7,26.513,0.0279,0.309,0.295
Red Bull,8,2018,Finished Finished,2.0,0.9554171417126291,8,24.352,0.0,-0.087,-0.083
Red Bull,8,2019,Finished Finished,2.0,0.9554171417126291,8,30.574,0.0,-0.089,-0.085
Red Bull,8,2020,Finished Finished,2.0,0.9554171417126291,8,25.423,0.5664,-0.078,-0.075
Red Bull,8,2021,Finished Finished,2.0,0.9554171417126291,8,21.173,0.0,-0.085,-0.081
Red Bull,8,2022,Finished Finished,2.0,0.9554171417126291,8,21.444,0.2638,-0.046,-0.044
Red Bull,9,2018,Finished Exhaust,1.1,-0.953397232322116,9,21.409,0.2443,-0.041,0.039
Red Bull,9,2019,Finished Exhaust,1.1,-0.953397232322116,9,21.708,0.0,-0.085,0.081
Red Bull,9,2020,Finished Exhaust,1.1,-0.953397232322116,9,20.732,4.6224,-0.096,0.092
Red Bull,9,2021,Finished Exhaust,1.1,-0.953397232322116,9,21.157,0.0516,0.178,-0.17
Red Bull,9,2022,Finished Exhaust,1.1,-0.953397232322116,9,25.949,0.1814,-0.035,0.033
Red Bull,10,2018,Finished Brakes,1.0,-1.1654877183259769,10,28.163,0.2302,-0.053,0.062
Red Bull,10,2019,Finished Brakes,1.0,-1.1654877183259769,10,28.144,0.0559,0.093,-0.108
Red Bull,10,2020,Finished Brakes,1.0,-1.1654877183259769,10,29.43,0.0,-0.089,0.104
Red Bull,10,2021,Finished Brakes,1.0,-1.1654877183259769,10,31.414,3.6727,-0.097,0.113
Red Bull,10,2022,Finished Brakes,1.0,-1.1654877183259769,10,38.438,13.3062,-0.099,0.115
Red Bull,11,2018,Finished Engine,1.0,-1.1654877183259769,11,19.375,0.3345,-0.053,0.062
Red Bull,11,2019,Finished Engine,1.0,-1.1654877183259769,11,21.112,0.961,-0.084,0.098
Red Bull,11,2020,Finished Engine,1.0,-1.1654877183259769,11,22.341,0.2945,-0.053,0.062
Red Bull,11,2021,Finished Engine,1.0,-1.1654877183259769,11,26.274,4.2151,-0.097,0.113
Red Bull,11,2022,Finished Engine,1.0,-1.1654877183259769,11,21.544,0.2044,-0.031,0.036
Red Bull,12,2018,Finished Power loss,1.1,-0.953397232322116,12,21.364,0.0,-0.085,0.081
Red Bull,12,2019,Finished Power loss,1.1,-0.953397232322116,12,21.966,0.1913,-0.027,0.026
Red Bull,12,2020,Finished Power loss,1.1,-0.953397232322116,12,26.696,0.0,-0.088,0.084
Red Bull,12,2022,Finished Power loss,1.1,-0.953397232322116,12,35.765,0.0,-0.091,0.087
Red Bull,13,2018,Finished Retired,1.0,-1.1654877183259769,13,21.142,1.6963,-0.091,0.106
Red Bull,13,2019,Finished Retired,1.0,-1.1654877183259769,13,27.62,0.0,-0.088,0.103
Red Bull,13,2020,Finished Retired,1.0,-1.1654877183259769,13,29.815,0.0,-0.089,0.104
Red Bull,13,2021,Finished Retired,1.0,-1.1654877183259769,13,19.155,0.1994,-0.02,0.023
Red Bull,13,2022,Finished Retired,1.0,-1.1654877183259769,13,21.424,0.0435,0.225,-0.262
Red Bull,14,2018,Finished Engine,1.0,-1.1654877183259769,14,24.404,0.0,-0.087,0.101
Red Bull,14,2019,Finished Engine,1.0,-1.1654877183259769,14,26.038,2.4423,-0.095,0.111
Red Bull,14,2020,Finished Engine,1.0,-1.1654877183259769,14,23.363,0.7071,-0.081,0.094
Red Bull,14,2021,Finished Engine,1.0,-1.1654877183259769,14,28.134,0.0,-0.089,0.104
Red Bull,14,2022,Finished Engine,1.0,-1.1654877183259769,14,22.984,0.0,-0.086,0.1
Red Bull,15,2018,Finished Finished,2.0,0.9554171417126291,15,29.23,0.0,-0.089,-0.085
Red Bull,15,2019,Finished Finished,2.0,0.9554171417126291,15,29.801,0.0,-0.089,-0.085
Red Bull,15,2020,Finished Finished,2.0,0.9554171417126291,15,21.821,3.9584,-0.096,-0.092
Red Bull,15,2021,Finished Finished,2.0,0.9554171417126291,15,31.307,1.4284,-0.093,-0.089
Red Bull,15,2022,Finished Finished,2.0,0.9554171417126291,15,19.595,0.0074,1.985,1.897
Red Bull,16,2018,Finished Finished,2.0,0.9554171417126291,16,33.408,0.0,-0.09,-0.086
Red Bull,16,2019,Finished Finished,2.0,0.9554171417126291,16,33.004,0.0,-0.09,-0.086
Red Bull,16,2020,Finished Finished,2.0,0.9554171417126291,16,24.584,0.1563,-0.021,-0.02
Red Bull,16,2021,Finished Finished,2.0,0.9554171417126291,16,22.735,0.0,-0.086,-0.082
Red Bull,16,2022,Finished Finished,2.0,0.9554171417126291,16,24.553,0.1061,0.017,0.016
Red Bull,17,2018,Finished Finished,2.0,0.9554171417126291,17,25.826,0.0,-0.088,-0.084
Red Bull,17,2019,Finished Finished,2.0,0.9554171417126291,17,23.292,0.0,-0.086,-0.082
Red Bull,17,2020,Finished Finished,2.0,0.9554171417126291,17,21.706,0.0,-0.085,-0.081
Red Bull,17,2021,Finished Finished,2.0,0.9554171417126291,17,23.998,0.1644,-0.023,-0.022
Red Bull,17,2022,Finished Finished,2.0,0.9554171417126291,17,30.268,0.1301,-0.023,-0.022
Red Bull,18,2018,Finished Battery,1.2,-0.7413067463182557,18,23.446,0.0,-0.086,0.064
Red Bull,18,2019,Finished Battery,1.2,-0.7413067463182557,18,23.419,0.0,-0.086,0.064
Red Bull,18,2021,Finished Battery,1.2,-0.7413067463182557,18,26.189,5.4147,-0.097,0.072
Red Bull,18,2022,Finished Battery,1.2,-0.7413067463182557,18,10.604,6.4633,-0.095,0.07
Red Bull,19,2018,Finished Engine,1.0,-1.1654877183259769,19,22.077,0.0308,0.345,-0.402
Red Bull,19,2019,Finished Engine,1.0,-1.1654877183259769,19,23.666,0.0962,0.034,-0.04
Red Bull,19,2021,Finished Engine,1.0,-1.1654877183259769,19,18.797,0.0385,0.318,-0.371
Red Bull,19,2022,Finished Engine,1.0,-1.1654877183259769,19,27.133,2.9656,-0.096,0.112
Red Bull,20,2018,Finished Finished,2.0,0.9554171417126291,20,23.366,0.0,-0.086,-0.082
Red Bull,20,2019,Finished Finished,2.0,0.9554171417126291,20,26.432,0.5056,-0.077,-0.074
Red Bull,20,2021,Finished Finished,2.0,0.9554171417126291,20,25.438,0.0727,0.064,0.061
Red Bull,20,2022,Finished Finished,2.0,0.9554171417126291,20,22.384,0.0,-0.086,-0.082
Red Bull,21,2018,Finished Finished,2.0,0.9554171417126291,21,21.059,0.0,-0.085,-0.081
Red Bull,21,2019,Finished Finished,2.0,0.9554171417126291,21,21.394,0.099,0.043,0.041
Red Bull,21,2021,Finished Finished,2.0,0.9554171417126291,21,16.529,0.6969,-0.073,-0.07
Red Bull,21,2022,Finished Finished,2.0,0.9554171417126291,21,31.312,0.5233,-0.081,-0.077
Renault,1,2018,Finished Finished,2.0,0.9554171417126291,1,23.248,0.0,-0.086,-0.082
Renault,1,2019,Finished Finished,2.0,0.9554171417126291,1,21.588,0.0,-0.085,-0.081
Renault,1,2020,Finished Finished,2.0,0.9554171417126291,1,22.816,1.4298,-0.09,-0.086
Renault,1,2021,Finished Finished,2.0,0.9554171417126291,1,24.353,0.0,-0.087,-0.083
Renault,1,2022,Finished Finished,2.0,0.9554171417126291,1,25.958,0.0806,0.045,0.043
Renault,2,2018,Finished +1 Lap,1.8,0.5312361697049081,2,24.978,0.1884,-0.035,-0.019
Renault,2,2019,Finished +1 Lap,1.8,0.5312361697049081,2,30.332,7.3376,-0.098,-0.052
Renault,2,2020,Finished +1 Lap,1.8,0.5312361697049081,2,23.928,2.9062,-0.095,-0.05
Renault,2,2021,Finished +1 Lap,1.8,0.5312361697049081,2,30.856,0.0,-0.089,-0.047
Renault,2,2022,Finished +1 Lap,1.8,0.5312361697049081,2,21.473,0.0,-0.085,-0.045
Renault,3,2018,Finished Finished,2.0,0.9554171417126291,3,23.501,0.4154,-0.068,-0.065
Renault,3,2019,Finished Finished,2.0,0.9554171417126291,3,34.992,0.0,-0.091,-0.087
Renault,3,2020,Finished Finished,2.0,0.9554171417126291,3,27.131,0.0,-0.088,-0.084
Renault,3,2021,Finished Finished,2.0,0.9554171417126291,3,22.136,0.152,-0.009,-0.009
Renault,4,2018,Finished Accident,1.6,0.10705519769718697,4,21.516,0.0,-0.085,-0.009
Renault,4,2019,Finished Accident,1.6,0.10705519769718697,4,20.426,0.1609,-0.007,-0.001
Renault,4,2020,Finished Accident,1.6,0.10705519769718697,4,32.382,5.5091,-0.098,-0.01
Renault,4,2021,Finished Accident,1.6,0.10705519769718697,4,21.818,0.0544,0.155,0.017
Renault,5,2018,+1 Lap Collision,1.4,-0.3171257743105346,5,22.409,0.0,-0.086,0.027
Renault,5,2019,+1 Lap Collision,1.4,-0.3171257743105346,5,21.83,0.0,-0.085,0.027
Renault,5,2020,+1 Lap Collision,1.4,-0.3171257743105346,5,32.274,0.2104,-0.055,0.017
Renault,5,2021,+1 Lap Collision,1.4,-0.3171257743105346,5,24.15,0.0,-0.087,0.028
Renault,5,2022,+1 Lap Collision,1.4,-0.3171257743105346,5,22.063,0.0,-0.086,0.027
Renault,6,2018,Finished Finished,2.0,0.9554171417126291,6,25.044,0.0,-0.087,-0.083
Renault,6,2019,Finished Finished,2.0,0.9554171417126291,6,24.664,0.0,-0.087,-0.083
Renault,6,2020,Finished Finished,2.0,0.9554171417126291,6,22.122,0.0622,0.12,0.115
Renault,6,2021,Finished Finished,2.0,0.9554171417126291,6,20.064,0.0,-0.084,-0.08
Renault,6,2022,Finished Finished,2.0,0.9554171417126291,6,22.104,0.3352,-0.058,-0.055
Renault,7,2018,+1 Lap +1 Lap,1.6,0.10705519769718697,7,24.468,0.0,-0.087,-0.009
Renault,7,2019,+1 Lap +1 Lap,1.6,0.10705519769718697,7,24.378,0.0,-0.087,-0.009
Renault,7,2021,+1 Lap +1 Lap,1.6,0.10705519769718697,7,30.534,0.0,-0.089,-0.01
Renault,7,2022,+1 Lap +1 Lap,1.6,0.10705519769718697,7,24.666,0.0,-0.087,-0.009
Renault,8,2018,Finished Finished,2.0,0.9554171417126291,8,25.22,0.0,-0.087,-0.083
Renault,8,2019,Finished Finished,2.0,0.9554171417126291,8,30.402,0.0,-0.089,-0.085
Renault,8,2020,Finished Finished,2.0,0.9554171417126291,8,24.71,0.4412,-0.072,-0.069
Renault,8,2021,Finished Finished,2.0,0.9554171417126291,8,21.226,0.0,-0.085,-0.081
Renault,9,2018,+1 Lap Engine,0.8,-1.5896686903336978,9,24.796,2.1765,-0.094,0.149
Renault,9,2019,+1 Lap Engine,0.8,-1.5896686903336978,9,21.626,0.0,-0.085,0.135
Renault,9,2021,+1 Lap Engine,0.8,-1.5896686903336978,9,21.431,0.0,-0.085,0.135
Renault,9,2022,+1 Lap Engine,0.8,-1.5896686903336978,9,24.548,0.4709,-0.073,0.116
Renault,10,2018,Finished Collision,1.6,0.10705519769718697,10,28.648,0.3521,-0.069,-0.007
Renault,10,2019,Finished Collision,1.6,0.10705519769718697,10,28.453,0.0,-0.089,-0.01
Renault,10,2021,Finished Collision,1.6,0.10705519769718697,10,34.019,0.0,-0.09,-0.01
Renault,10,2022,Finished Collision,1.6,0.10705519769718697,10,39.302,15.1724,-0.099,-0.011
Renault,11,2018,Finished Finished,2.0,0.9554171417126291,11,20.033,0.5979,-0.074,-0.071
Renault,11,2019,Finished Finished,2.0,0.9554171417126291,11,22.244,0.7121,-0.08,-0.076
Renault,11,2020,Finished Finished,2.0,0.9554171417126291,11,22.632,0.0537,0.149,0.142
Renault,11,2021,Finished Finished,2.0,0.9554171417126291,11,33.399,13.2752,-0.099,-0.095
Renault,11,2022,Finished Finished,2.0,0.9554171417126291,11,21.212,0.0,-0.085,-0.081
Renault,12,2018,+1 Lap +1 Lap,1.6,0.10705519769718697,12,22.111,0.2418,-0.043,-0.005
Renault,12,2019,+1 Lap +1 Lap,1.6,0.10705519769718697,12,21.783,0.0,-0.085,-0.009
Renault,12,2020,+1 Lap +1 Lap,1.6,0.10705519769718697,12,27.299,0.0,-0.088,-0.009
Renault,12,2022,+1 Lap +1 Lap,1.6,0.10705519769718697,12,41.875,0.5897,-0.087,-0.009
Renault,13,2018,+1 Lap Accident,1.4,-0.3171257743105346,13,21.183,3.7816,-0.095,0.03
Renault,13,2019,+1 Lap Accident,1.4,-0.3171257743105346,13,41.264,0.1679,-0.056,0.018
Renault,13,2020,+1 Lap Accident,1.4,-0.3171257743105346,13,30.282,0.4695,-0.078,0.025
Renault,13,2021,+1 Lap Accident,1.4,-0.3171257743105346,13,20.327,0.0,-0.084,0.027
Renault,13,2022,+1 Lap Accident,1.4,-0.3171257743105346,13,22.82,0.0,-0.086,0.027
Renault,14,2018,Finished +1 Lap,1.8,0.5312361697049081,14,25.31,0.2751,-0.056,-0.03
Renault,14,2019,Finished +1 Lap,1.8,0.5312361697049081,14,25.551,0.0,-0.087,-0.046
Renault,14,2020,Finished +1 Lap,1.8,0.5312361697049081,14,23.724,0.2638,-0.051,-0.027
Renault,14,2021,Finished +1 Lap,1.8,0.5312361697049081,14,24.283,0.0,-0.087,-0.046
Renault,14,2022,Finished +1 Lap,1.8,0.5312361697049081,14,22.646,0.1464,-0.008,-0.004
Renault,15,2018,+1 Lap +1 Lap,1.6,0.10705519769718697,15,30.712,0.0,-0.089,-0.01
Renault,15,2019,+1 Lap +1 Lap,1.6,0.10705519769718697,15,29.99,0.1453,-0.03,-0.003
Renault,15,2020,+1 Lap +1 Lap,1.6,0.10705519769718697,15,19.017,0.0,-0.083,-0.009
Renault,15,2021,+1 Lap +1 Lap,1.6,0.10705519769718697,15,30.696,0.0269,0.267,0.029
Renault,15,2022,+1 Lap +1 Lap,1.6,0.10705519769718697,15,29.705,0.0,-0.089,-0.01
Renault,16,2018,+1 Lap +2 Laps,1.6,0.10705519769718697,16,30.323,0.0,-0.089,-0.01
Renault,16,2019,+1 Lap +2 Laps,1.6,0.10705519769718697,16,31.064,1.5832,-0.093,-0.01
Renault,16,2020,+1 Lap +2 Laps,1.6,0.10705519769718697,16,24.508,0.4886,-0.074,-0.008
Renault,16,2021,+1 Lap +2 Laps,1.6,0.10705519769718697,16,28.353,0.0,-0.089,-0.01
Renault,16,2022,+1 Lap +2 Laps,1.6,0.10705519769718697,16,24.126,0.5636,-0.077,-0.008
Renault,17,2018,+1 Lap Engine,0.8,-1.5896686903336978,17,23.516,0.0,-0.086,0.137
Renault,17,2019,+1 Lap Engine,0.8,-1.5896686903336978,17,23.804,0.0,-0.087,0.138
Renault,17,2020,+1 Lap Engine,0.8,-1.5896686903336978,17,22.14,0.0,-0.086,0.137
Renault,17,2021,+1 Lap Engine,0.8,-1.5896686903336978,17,25.14,2.4409,-0.094,0.149
Renault,17,2022,+1 Lap Engine,0.8,-1.5896686903336978,17,30.603,0.0,-0.089,0.141
Renault,18,2018,Finished Finished,2.0,0.9554171417126291,18,27.0,0.0,-0.088,-0.084
Renault,18,2019,Finished Finished,2.0,0.9554171417126291,18,22.347,0.0219,0.518,0.495
Renault,18,2021,Finished Finished,2.0,0.9554171417126291,18,22.031,0.0,-0.086,-0.082
Renault,19,2018,+2 Laps Suspension,0.8,-1.5896686903336978,19,22.848,0.0,-0.086,0.137
Renault,19,2019,+2 Laps Suspension,0.8,-1.5896686903336978,19,24.374,0.1983,-0.037,0.059
Renault,19,2021,+2 Laps Suspension,0.8,-1.5896686903336978,19,18.46,0.0,-0.083,0.132
Renault,20,2018,+1 Lap Overheating,0.9,-1.3775782043298372,20,23.854,0.1195,0.007,-0.01
Renault,20,2019,+1 Lap Overheating,0.9,-1.3775782043298372,20,23.12,0.0891,0.047,-0.065
Renault,20,2021,+1 Lap Overheating,0.9,-1.3775782043298372,20,25.639,0.0,-0.087,0.12
Renault,20,2022,+1 Lap Overheating,0.9,-1.3775782043298372,20,23.469,0.0,-0.086,0.118
Renault,21,2018,Finished Collision,1.6,0.10705519769718697,21,21.964,0.0,-0.086,-0.009
Renault,21,2019,Finished Collision,1.6,0.10705519769718697,21,21.638,0.1633,-0.014,-0.001
Renault,21,2021,Finished Collision,1.6,0.10705519769718697,21,16.044,0.0,-0.08,-0.009
Renault,21,2022,Finished Collision,1.6,0.10705519769718697,21,24.344,1.2183,-0.089,-0.01
Sauber,1,2018,Finished Steering,1.1,-0.953397232322116,1,22.539,0.42,-0.067,0.064
Sauber,1,2019,Finished Steering,1.1,-0.953397232322116,1,22.306,0.0,-0.086,0.082
Sauber,1,2020,Finished Steering,1.1,-0.953397232322116,1,22.364,0.5544,-0.075,0.072
Sauber,1,2021,Finished Steering,1.1,-0.953397232322116,1,24.55,0.5296,-0.076,0.072
Sauber,1,2022,Finished Steering,1.1,-0.953397232322116,1,24.77,0.3429,-0.064,0.061
Sauber,2,2018,+1 Lap +1 Lap,1.6,0.10705519769718697,2,25.272,0.1499,-0.019,-0.002
Sauber,2,2019,+1 Lap +1 Lap,1.6,0.10705519769718697,2,24.518,0.0,-0.087,-0.009
Sauber,2,2020,+1 Lap +1 Lap,1.6,0.10705519769718697,2,39.715,0.0,-0.092,-0.01
Sauber,2,2021,+1 Lap +1 Lap,1.6,0.10705519769718697,2,31.002,0.0,-0.09,-0.01
Sauber,2,2022,+1 Lap +1 Lap,1.6,0.10705519769718697,2,21.038,0.0,-0.085,-0.009
Sauber,3,2018,Finished Finished,2.0,0.9554171417126291,3,23.088,0.0,-0.086,-0.082
Sauber,3,2019,Finished Finished,2.0,0.9554171417126291,3,22.921,0.0,-0.086,-0.082
Sauber,3,2020,Finished Finished,2.0,0.9554171417126291,3,22.415,0.2107,-0.035,-0.033
Sauber,3,2021,Finished Finished,2.0,0.9554171417126291,3,21.955,0.8938,-0.084,-0.08
Sauber,3,2022,Finished Finished,2.0,0.9554171417126291,3,17.973,0.0,-0.082,-0.078
Sauber,4,2018,Finished Finished,2.0,0.9554171417126291,4,27.548,4.7218,-0.097,-0.093
Sauber,4,2019,Finished Finished,2.0,0.9554171417126291,4,20.12,0.3712,-0.059,-0.056
Sauber,4,2020,Finished Finished,2.0,0.9554171417126291,4,29.52,0.0,-0.089,-0.085
Sauber,4,2021,Finished Finished,2.0,0.9554171417126291,4,21.613,0.0,-0.085,-0.081
Sauber,4,2022,Finished Finished,2.0,0.9554171417126291,4,32.799,3.3731,-0.097,-0.093
Sauber,5,2018,+2 Laps +2 Laps,1.6,0.10705519769718697,5,22.048,0.0,-0.086,-0.009
Sauber,5,2019,+2 Laps +2 Laps,1.6,0.10705519769718697,5,23.646,0.0,-0.086,-0.009
Sauber,5,2020,+2 Laps +2 Laps,1.6,0.10705519769718697,5,29.419,0.0,-0.089,-0.01
Sauber,5,2022,+2 Laps +2 Laps,1.6,0.10705519769718697,5,19.697,0.0,-0.084,-0.009
Sauber,6,2018,Finished Collision,1.6,0.10705519769718697,6,24.08,0.0,-0.087,-0.009
Sauber,6,2019,Finished Collision,1.6,0.10705519769718697,6,25.834,0.1831,-0.035,-0.004
Sauber,6,2020,Finished Collision,1.6,0.10705519769718697,6,22.274,0.0,-0.086,-0.009
Sauber,6,2021,Finished Collision,1.6,0.10705519769718697,6,17.464,3.3545,-0.094,-0.01
Sauber,6,2022,Finished Collision,1.6,0.10705519769718697,6,21.794,0.0,-0.085,-0.009
Sauber,7,2018,+1 Lap +2 Laps,1.6,0.10705519769718697,7,23.598,0.0,-0.086,-0.009
Sauber,7,2019,+1 Lap +2 Laps,1.6,0.10705519769718697,7,23.732,0.0,-0.087,-0.009
Sauber,7,2020,+1 Lap +2 Laps,1.6,0.10705519769718697,7,27.889,3.9442,-0.097,-0.01
Sauber,7,2021,+1 Lap +2 Laps,1.6,0.10705519769718697,7,31.083,0.4031,-0.075,-0.008
Sauber,7,2022,+1 Lap +2 Laps,1.6,0.10705519769718697,7,26.872,1.6433,-0.092,-0.01
Sauber,8,2018,Finished +1 Lap,1.8,0.5312361697049081,8,24.661,0.0,-0.087,-0.046
Sauber,8,2019,Finished +1 Lap,1.8,0.5312361697049081,8,30.203,0.0,-0.089,-0.047
Sauber,8,2020,Finished +1 Lap,1.8,0.5312361697049081,8,24.344,0.0,-0.087,-0.046
Sauber,8,2021,Finished +1 Lap,1.8,0.5312361697049081,8,25.155,4.5693,-0.097,-0.052
Sauber,8,2022,Finished +1 Lap,1.8,0.5312361697049081,8,23.212,0.0,-0.086,-0.046
Sauber,9,2018,+1 Lap +1 Lap,1.6,0.10705519769718697,9,21.441,0.0,-0.085,-0.009
Sauber,9,2019,+1 Lap +1 Lap,1.6,0.10705519769718697,9,21.878,0.0,-0.085,-0.009
Sauber,9,2020,+1 Lap +1 Lap,1.6,0.10705519769718697,9,21.347,3.3242,-0.095,-0.01
Sauber,9,2021,+1 Lap +1 Lap,1.6,0.10705519769718697,9,21.143,0.0,-0.085,-0.009
Sauber,9,2022,+1 Lap +1 Lap,1.6,0.10705519769718697,9,26.199,0.0,-0.088,-0.009
Sauber,10,2018,Accident Tyre,0.8,-1.5896686903336978,10,28.036,0.0,-0.088,0.14
Sauber,10,2019,Accident Tyre,0.8,-1.5896686903336978,10,28.453,0.1485,-0.028,0.045
Sauber,10,2020,Accident Tyre,0.8,-1.5896686903336978,10,30.261,0.0,-0.089,0.141
Sauber,10,2021,Accident Tyre,0.8,-1.5896686903336978,10,34.007,0.0,-0.09,0.143
Sauber,10,2022,Accident Tyre,0.8,-1.5896686903336978,10,50.036,0.0,-0.093,0.148
Sauber,11,2018,Finished +1 Lap,1.8,0.5312361697049081,11,19.607,0.4982,-0.068,-0.036
Sauber,11,2019,Finished +1 Lap,1.8,0.5312361697049081,11,21.232,1.2311,-0.088,-0.047
Sauber,11,2020,Finished +1 Lap,1.8,0.5312361697049081,11,22.836,0.3896,-0.065,-0.035
Sauber,11,2022,Finished +1 Lap,1.8,0.5312361697049081,11,21.532,0.0,-0.085,-0.045
Sauber,12,2018,+2 Laps Suspension,0.8,-1.5896686903336978,12,22.64,0.0,-0.086,0.137
Sauber,12,2019,+2 Laps Suspension,0.8,-1.5896686903336978,12,21.575,0.0,-0.085,0.135
Sauber,12,2020,+2 Laps Suspension,0.8,-1.5896686903336978,12,26.94,0.0,-0.088,0.14
Sauber,13,2018,+1 Lap Accident,1.4,-0.3171257743105346,13,19.711,0.0,-0.084,0.027
Sauber,13,2019,+1 Lap Accident,1.4,-0.3171257743105346,13,22.449,0.0,-0.086,0.027
Sauber,13,2020,+1 Lap Accident,1.4,-0.3171257743105346,13,30.243,0.0,-0.089,0.028
Sauber,13,2021,+1 Lap Accident,1.4,-0.3171257743105346,13,19.49,0.0,-0.084,0.027
Sauber,13,2022,+1 Lap Accident,1.4,-0.3171257743105346,13,21.874,0.1393,-0.0,0.0
Sauber,14,2018,+1 Lap +1 Lap,1.6,0.10705519769718697,14,25.934,1.5616,-0.092,-0.01
Sauber,14,2019,+1 Lap +1 Lap,1.6,0.10705519769718697,14,23.833,0.0,-0.087,-0.009
Sauber,14,2020,+1 Lap +1 Lap,1.6,0.10705519769718697,14,23.981,0.4158,-0.069,-0.007
Sauber,14,2021,+1 Lap +1 Lap,1.6,0.10705519769718697,14,24.557,0.0,-0.087,-0.009
Sauber,14,2022,+1 Lap +1 Lap,1.6,0.10705519769718697,14,23.694,0.7135,-0.081,-0.009
Sauber,15,2018,+1 Lap +1 Lap,1.6,0.10705519769718697,15,29.085,0.0,-0.089,-0.01
Sauber,15,2019,+1 Lap +1 Lap,1.6,0.10705519769718697,15,29.168,0.0,-0.089,-0.01
Sauber,15,2020,+1 Lap +1 Lap,1.6,0.10705519769718697,15,19.014,0.0,-0.083,-0.009
Sauber,15,2021,+1 Lap +1 Lap,1.6,0.10705519769718697,15,31.849,0.0,-0.09,-0.01
Sauber,15,2022,+1 Lap +1 Lap,1.6,0.10705519769718697,15,19.08,0.0,-0.083,-0.009
Sauber,16,2018,Finished +1 Lap,1.8,0.5312361697049081,16,30.248,0.0336,0.198,0.105
Sauber,16,2019,Finished +1 Lap,1.8,0.5312361697049081,16,29.474,0.1039,-0.001,-0.001
Sauber,16,2021,Finished +1 Lap,1.8,0.5312361697049081,16,23.646,0.0,-0.086,-0.046
Sauber,16,2022,Finished +1 Lap,1.8,0.5312361697049081,16,23.718,0.1865,-0.031,-0.016
Sauber,17,2018,+1 Lap Mechanical,0.9,-1.3775782043298372,17,28.013,4.3201,-0.097,0.134
Sauber,17,2019,+1 Lap Mechanical,0.9,-1.3775782043298372,17,25.787,4.0858,-0.096,0.132
Sauber,17,2020,+1 Lap Mechanical,0.9,-1.3775782043298372,17,22.178,0.0,-0.086,0.118
Sauber,17,2021,+1 Lap Mechanical,0.9,-1.3775782043298372,17,24.011,0.0,-0.087,0.12
Sauber,17,2022,+1 Lap Mechanical,0.9,-1.3775782043298372,17,32.058,0.0,-0.09,0.124
Sauber,18,2018,+1 Lap Collision damage,0.8,-1.5896686903336978,18,29.376,0.0,-0.089,0.141
Sauber,18,2019,+1 Lap Collision damage,0.8,-1.5896686903336978,18,23.894,2.6757,-0.095,0.151
Sauber,18,2021,+1 Lap Collision damage,0.8,-1.5896686903336978,18,22.085,0.0,-0.086,0.137
Sauber,18,2022,+1 Lap Collision damage,0.8,-1.5896686903336978,18,15.964,14.0502,-0.098,0.156
Sauber,19,2018,+2 Laps +2 Laps,1.6,0.10705519769718697,19,26.997,0.0,-0.088,-0.009
Sauber,19,2019,+2 Laps +2 Laps,1.6,0.10705519769718697,19,26.5,3.7569,-0.096,-0.01
Sauber,19,2021,+2 Laps +2 Laps,1.6,0.10705519769718697,19,17.857,0.1216,0.04,0.004
Sauber,19,2022,+2 Laps +2 Laps,1.6,0.10705519769718697,19,24.034,0.3953,-0.067,-0.007
Sauber,20,2018,Finished Collision,1.6,0.10705519769718697,20,23.485,0.0,-0.086,-0.009
Sauber,20,2019,Finished Collision,1.6,0.10705519769718697,20,22.966,0.0,-0.086,-0.009
Sauber,20,2021,Finished Collision,1.6,0.10705519769718697,20,25.799,0.0,-0.088,-0.009
Sauber,20,2022,Finished Collision,1.6,0.10705519769718697,20,22.193,0.0,-0.086,-0.009
Sauber,21,2018,Finished Power loss,1.1,-0.953397232322116,21,21.828,0.0,-0.085,0.081
Sauber,21,2019,Finished Power loss,1.1,-0.953397232322116,21,21.486,0.2991,-0.052,0.05
Sauber,21,2021,Finished Power loss,1.1,-0.953397232322116,21,18.285,3.1763,-0.094,0.09
Sauber,21,2022,Finished Power loss,1.1,-0.953397232322116,21,25.459,4.0023,-0.096,0.092
Toro Rosso,1,2018,+1 Lap Engine,0.8,-1.5896686903336978,1,22.254,0.0587,0.132,-0.21
Toro Rosso,1,2019,+1 Lap Engine,0.8,-1.5896686903336978,1,21.269,0.0,-0.085,0.135
Toro Rosso,1,2020,+1 Lap Engine,0.8,-1.5896686903336978,1,22.466,0.0,-0.086,0.137
Toro Rosso,1,2021,+1 Lap Engine,0.8,-1.5896686903336978,1,31.327,9.9143,-0.098,0.156
Toro Rosso,1,2022,+1 Lap Engine,0.8,-1.5896686903336978,1,25.225,0.9192,-0.086,0.137
Toro Rosso,2,2018,Finished +1 Lap,1.8,0.5312361697049081,2,30.771,0.0431,0.129,0.069
Toro Rosso,2,2019,Finished +1 Lap,1.8,0.5312361697049081,2,27.557,0.0,-0.088,-0.047
Toro Rosso,2,2020,Finished +1 Lap,1.8,0.5312361697049081,2,22.115,0.2333,-0.041,-0.022
Toro Rosso,2,2021,Finished +1 Lap,1.8,0.5312361697049081,2,31.673,0.8549,-0.088,-0.047
Toro Rosso,2,2022,Finished +1 Lap,1.8,0.5312361697049081,2,22.82,0.0,-0.086,-0.046
Toro Rosso,3,2018,Finished Collision damage,1.0,-1.1654877183259769,3,26.46,4.1005,-0.096,0.112
Toro Rosso,3,2019,Finished Collision damage,1.0,-1.1654877183259769,3,22.301,0.0,-0.086,0.1
Toro Rosso,3,2020,Finished Collision damage,1.0,-1.1654877183259769,3,22.74,0.0,-0.086,0.1
Toro Rosso,3,2021,Finished Collision damage,1.0,-1.1654877183259769,3,21.836,0.6831,-0.079,0.092
Toro Rosso,3,2022,Finished Collision damage,1.0,-1.1654877183259769,3,18.926,0.0,-0.083,0.097
Toro Rosso,4,2018,Finished Finished,2.0,0.9554171417126291,4,21.06,0.3204,-0.054,-0.052
Toro Rosso,4,2020,Finished Finished,2.0,0.9554171417126291,4,29.414,0.0,-0.089,-0.085
Toro Rosso,4,2021,Finished Finished,2.0,0.9554171417126291,4,27.053,1.398,-0.091,-0.087
Toro Rosso,4,2022,Finished Finished,2.0,0.9554171417126291,4,30.405,0.0,-0.089,-0.085
Toro Rosso,5,2018,+2 Laps Collision,1.4,-0.3171257743105346,5,22.552,0.1124,0.02,-0.006
Toro Rosso,5,2019,+2 Laps Collision,1.4,-0.3171257743105346,5,22.563,0.0,-0.086,0.027
Toro Rosso,5,2020,+2 Laps Collision,1.4,-0.3171257743105346,5,28.331,0.0354,0.202,-0.064
Toro Rosso,5,2021,+2 Laps Collision,1.4,-0.3171257743105346,5,24.428,0.0,-0.087,0.028
Toro Rosso,5,2022,+2 Laps Collision,1.4,-0.3171257743105346,5,19.275,0.379,-0.058,0.018
Toro Rosso,6,2018,Finished Collision,1.6,0.10705519769718697,6,24.311,0.0,-0.087,-0.009
Toro Rosso,6,2019,Finished Collision,1.6,0.10705519769718697,6,24.01,0.2143,-0.041,-0.004
Toro Rosso,6,2020,Finished Collision,1.6,0.10705519769718697,6,22.318,0.1082,0.026,0.003
Toro Rosso,6,2021,Finished Collision,1.6,0.10705519769718697,6,17.62,3.5857,-0.094,-0.01
Toro Rosso,6,2022,Finished Collision,1.6,0.10705519769718697,6,24.978,4.1995,-0.096,-0.01
Toro Rosso,7,2018,+1 Lap Collision,1.4,-0.3171257743105346,7,24.107,0.0,-0.087,0.028
Toro Rosso,7,2019,+1 Lap Collision,1.4,-0.3171257743105346,7,23.485,0.0,-0.086,0.027
Toro Rosso,7,2020,+1 Lap Collision,1.4,-0.3171257743105346,7,22.681,0.0,-0.086,0.027
Toro Rosso,7,2021,+1 Lap Collision,1.4,-0.3171257743105346,7,30.781,0.0,-0.089,0.028
Toro Rosso,7,2022,+1 Lap Collision,1.4,-0.3171257743105346,7,32.128,4.7489,-0.097,0.031
Toro Rosso,8,2018,+1 Lap Collision,1.4,-0.3171257743105346,8,24.297,0.0,-0.087,0.028
Toro Rosso,8,2019,+1 Lap Collision,1.4,-0.3171257743105346,8,30.228,0.0,-0.089,0.028
Toro Rosso,8,2020,+1 Lap Collision,1.4,-0.3171257743105346,8,24.557,0.6527,-0.08,0.025
Toro Rosso,8,2022,+1 Lap Collision,1.4,-0.3171257743105346,8,22.698,0.0,-0.086,0.027
Toro Rosso,9,2018,+1 Lap Hydraulics,0.8,-1.5896686903336978,9,22.011,0.0,-0.086,0.137
Toro Rosso,9,2019,+1 Lap Hydraulics,0.8,-1.5896686903336978,9,22.239,0.0,-0.086,0.137
Toro Rosso,9,2021,+1 Lap Hydraulics,0.8,-1.5896686903336978,9,21.707,1.212,-0.088,0.14
Toro Rosso,9,2022,+1 Lap Hydraulics,0.8,-1.5896686903336978,9,23.585,0.0396,0.224,-0.356
Toro Rosso,10,2018,Finished Power Unit,1.0,-1.1654877183259769,10,29.221,0.7707,-0.086,0.1
Toro Rosso,10,2019,Finished Power Unit,1.0,-1.1654877183259769,10,27.905,0.0,-0.088,0.103
Toro Rosso,10,2020,Finished Power Unit,1.0,-1.1654877183259769,10,29.589,0.2553,-0.059,0.069
Toro Rosso,10,2021,Finished Power Unit,1.0,-1.1654877183259769,10,34.027,0.0,-0.09,0.105
Toro Rosso,10,2022,Finished Power Unit,1.0,-1.1654877183259769,10,39.84,14.4363,-0.099,0.115
Toro Rosso,11,2018,Finished +1 Lap,1.8,0.5312361697049081,11,19.484,0.1039,0.05,0.027
Toro Rosso,11,2019,Finished +1 Lap,1.8,0.5312361697049081,11,29.667,0.0,-0.089,-0.047
Toro Rosso,11,2020,Finished +1 Lap,1.8,0.5312361697049081,11,22.771,0.2065,-0.035,-0.019
Toro Rosso,11,2021,Finished +1 Lap,1.8,0.5312361697049081,11,31.928,11.1878,-0.098,-0.052
Toro Rosso,11,2022,Finished +1 Lap,1.8,0.5312361697049081,11,25.167,3.4549,-0.096,-0.051
Toro Rosso,12,2018,Finished +1 Lap,1.8,0.5312361697049081,12,21.758,0.0,-0.085,-0.045
Toro Rosso,12,2019,Finished +1 Lap,1.8,0.5312361697049081,12,22.104,0.0,-0.086,-0.046
Toro Rosso,12,2020,Finished +1 Lap,1.8,0.5312361697049081,12,27.204,0.0,-0.088,-0.047
Toro Rosso,12,2022,Finished +1 Lap,1.8,0.5312361697049081,12,35.969,0.0,-0.091,-0.048
Toro Rosso,13,2018,Finished +1 Lap,1.8,0.5312361697049081,13,19.814,0.996,-0.084,-0.045
Toro Rosso,13,2019,Finished +1 Lap,1.8,0.5312361697049081,13,22.772,0.0,-0.086,-0.046
Toro Rosso,13,2021,Finished +1 Lap,1.8,0.5312361697049081,13,19.163,0.0,-0.083,-0.044
Toro Rosso,13,2022,Finished +1 Lap,1.8,0.5312361697049081,13,21.675,0.0,-0.085,-0.045
Toro Rosso,14,2018,+1 Lap Brakes,0.8,-1.5896686903336978,14,27.792,0.0,-0.088,0.14
Toro Rosso,14,2019,+1 Lap Brakes,0.8,-1.5896686903336978,14,24.363,0.0,-0.087,0.138
Toro Rosso,14,2020,+1 Lap Brakes,0.8,-1.5896686903336978,14,23.478,0.2694,-0.051,0.081
Toro Rosso,14,2022,+1 Lap Brakes,0.8,-1.5896686903336978,14,22.7,0.2227,-0.039,0.062
Toro Rosso,15,2018,+1 Lap +1 Lap,1.6,0.10705519769718697,15,29.31,0.1584,-0.034,-0.004
Toro Rosso,15,2019,+1 Lap +1 Lap,1.6,0.10705519769718697,15,32.482,0.0,-0.09,-0.01
Toro Rosso,15,2020,+1 Lap +1 Lap,1.6,0.10705519769718697,15,19.02,0.0,-0.083,-0.009
Toro Rosso,15,2021,+1 Lap +1 Lap,1.6,0.10705519769718697,15,29.354,0.0,-0.089,-0.01
Toro Rosso,15,2022,+1 Lap +1 Lap,1.6,0.10705519769718697,15,18.744,0.0629,0.157,0.017
Toro Rosso,16,2018,Brakes Brakes,0.0,-3.2863925783645827,16,29.418,0.0,-0.089,0.292
Toro Rosso,16,2019,Brakes Brakes,0.0,-3.2863925783645827,16,29.935,0.0,-0.089,0.292
Toro Rosso,16,2020,Brakes Brakes,0.0,-3.2863925783645827,16,24.827,0.3536,-0.065,0.214
Toro Rosso,16,2021,Brakes Brakes,0.0,-3.2863925783645827,16,29.31,0.0,-0.089,0.292
Toro Rosso,16,2022,Brakes Brakes,0.0,-3.2863925783645827,16,25.376,0.0,-0.087,0.286
Toro Rosso,17,2018,+1 Lap +1 Lap,1.6,0.10705519769718697,17,23.243,0.0,-0.086,-0.009
Toro Rosso,17,2019,+1 Lap +1 Lap,1.6,0.10705519769718697,17,23.18,0.0,-0.086,-0.009
Toro Rosso,17,2020,+1 Lap +1 Lap,1.6,0.10705519769718697,17,22.0,0.0,-0.086,-0.009
Toro Rosso,17,2021,+1 Lap +1 Lap,1.6,0.10705519769718697,17,23.745,0.0,-0.087,-0.009
Toro Rosso,17,2022,+1 Lap +1 Lap,1.6,0.10705519769718697,17,29.867,0.0,-0.089,-0.01
Toro Rosso,18,2018,+1 Lap +1 Lap,1.6,0.10705519769718697,18,23.931,0.1252,0.002,0.0
Toro Rosso,18,2019,+1 Lap +1 Lap,1.6,0.10705519769718697,18,22.654,0.0502,0.167,0.018
Toro Rosso,18,2021,+1 Lap +1 Lap,1.6,0.10705519769718697,18,22.549,0.0,-0.086,-0.009
Toro Rosso,18,2022,+1 Lap +1 Lap,1.6,0.10705519769718697,18,23.684,24.9397,-0.099,-0.011
Toro Rosso,19,2018,+2 Laps +2 Laps,1.6,0.10705519769718697,19,22.808,0.7011,-0.08,-0.009
Toro Rosso,19,2019,+2 Laps +2 Laps,1.6,0.10705519769718697,19,24.195,0.0,-0.087,-0.009
Toro Rosso,19,2021,+2 Laps +2 Laps,1.6,0.10705519769718697,19,19.439,0.0,-0.084,-0.009
Toro Rosso,19,2022,+2 Laps +2 Laps,1.6,0.10705519769718697,19,26.294,3.7109,-0.096,-0.01
Toro Rosso,20,2018,+1 Lap +1 Lap,1.6,0.10705519769718697,20,23.59,0.0,-0.086,-0.009
Toro Rosso,20,2019,+1 Lap +1 Lap,1.6,0.10705519769718697,20,23.253,0.4681,-0.071,-0.008
Toro Rosso,20,2021,+1 Lap +1 Lap,1.6,0.10705519769718697,20,25.87,0.3387,-0.065,-0.007
Toro Rosso,20,2022,+1 Lap +1 Lap,1.6,0.10705519769718697,20,29.168,0.0,-0.089,-0.01
Toro Rosso,21,2018,+1 Lap Engine,0.8,-1.5896686903336978,21,31.752,0.0,-0.09,0.143
Toro Rosso,21,2021,+1 Lap Engine,0.8,-1.5896686903336978,21,16.041,0.0,-0.08,0.127
Toro Rosso,21,2022,+1 Lap Engine,0.8,-1.5896686903336978,21,23.394,0.0933,0.039,-0.062
Williams,1,2018,Finished Brakes,1.0,-1.1654877183259769,1,23.45,2.9041,-0.095,0.111
Williams,1,2019,Finished Brakes,1.0,-1.1654877183259769,1,22.471,0.0,-0.086,0.1
Williams,1,2021,Finished Brakes,1.0,-1.1654877183259769,1,25.204,0.4533,-0.073,0.085
Williams,1,2022,Finished Brakes,1.0,-1.1654877183259769,1,25.739,0.0,-0.088,0.103
Williams,2,2018,+1 Lap +1 Lap,1.6,0.10705519769718697,2,26.899,3.1728,-0.096,-0.01
Williams,2,2019,+1 Lap +1 Lap,1.6,0.10705519769718697,2,30.469,5.4716,-0.097,-0.01
Williams,2,2020,+1 Lap +1 Lap,1.6,0.10705519769718697,2,22.118,0.0,-0.086,-0.009
Williams,2,2021,+1 Lap +1 Lap,1.6,0.10705519769718697,2,27.595,5.0106,-0.097,-0.01
Williams,2,2022,+1 Lap +1 Lap,1.6,0.10705519769718697,2,22.339,0.0,-0.086,-0.009
Williams,3,2018,Finished Finished,2.0,0.9554171417126291,3,22.94,0.3511,-0.062,-0.059
Williams,3,2019,Finished Finished,2.0,0.9554171417126291,3,23.466,0.0,-0.086,-0.082
Williams,3,2020,Finished Finished,2.0,0.9554171417126291,3,23.081,0.0,-0.086,-0.082
Williams,3,2021,Finished Finished,2.0,0.9554171417126291,3,22.264,0.0,-0.086,-0.082
Williams,3,2022,Finished Finished,2.0,0.9554171417126291,3,19.068,1.1662,-0.086,-0.082
Williams,4,2018,Finished Collision,1.6,0.10705519769718697,4,19.737,0.0,-0.084,-0.009
Williams,4,2019,Finished Collision,1.6,0.10705519769718697,4,23.099,0.0,-0.086,-0.009
Williams,4,2020,Finished Collision,1.6,0.10705519769718697,4,28.716,0.0,-0.089,-0.01
Williams,4,2021,Finished Collision,1.6,0.10705519769718697,4,21.594,0.2291,-0.038,-0.004
Williams,4,2022,Finished Collision,1.6,0.10705519769718697,4,32.667,0.0,-0.09,-0.01
Williams,5,2018,+2 Laps +3 Laps,1.6,0.10705519769718697,5,22.0,0.5264,-0.073,-0.008
Williams,5,2019,+2 Laps +3 Laps,1.6,0.10705519769718697,5,23.321,0.0,-0.086,-0.009
Williams,5,2020,+2 Laps +3 Laps,1.6,0.10705519769718697,5,28.104,0.1846,-0.041,-0.004
Williams,5,2021,+2 Laps +3 Laps,1.6,0.10705519769718697,5,23.474,0.0,-0.086,-0.009
Williams,5,2022,+2 Laps +3 Laps,1.6,0.10705519769718697,5,19.074,0.0,-0.083,-0.009
Williams,6,2018,+1 Lap +2 Laps,1.6,0.10705519769718697,6,28.731,4.1763,-0.097,-0.01
Williams,6,2019,+1 Lap +2 Laps,1.6,0.10705519769718697,6,24.591,0.0,-0.087,-0.009
Williams,6,2020,+1 Lap +2 Laps,1.6,0.10705519769718697,6,22.37,0.0262,0.416,0.045
Williams,6,2022,+1 Lap +2 Laps,1.6,0.10705519769718697,6,23.114,0.3967,-0.066,-0.007
Williams,7,2018,+2 Laps Collision,1.4,-0.3171257743105346,7,23.531,0.0,-0.086,0.027
Williams,7,2019,+2 Laps Collision,1.4,-0.3171257743105346,7,23.727,0.0,-0.087,0.028
Williams,7,2020,+2 Laps Collision,1.4,-0.3171257743105346,7,23.689,0.0,-0.087,0.028
Williams,7,2021,+2 Laps Collision,1.4,-0.3171257743105346,7,30.996,0.0,-0.09,0.029
Williams,7,2022,+2 Laps Collision,1.4,-0.3171257743105346,7,29.741,4.2561,-0.097,0.031
Williams,8,2018,+1 Lap Puncture,0.8,-1.5896686903336978,8,26.425,0.0,-0.088,0.14
Williams,8,2019,+1 Lap Puncture,0.8,-1.5896686903336978,8,30.849,0.0,-0.089,0.141
Williams,8,2020,+1 Lap Puncture,0.8,-1.5896686903336978,8,25.017,0.0,-0.087,0.138
Williams,8,2021,+1 Lap Puncture,0.8,-1.5896686903336978,8,20.936,0.0,-0.085,0.135
Williams,8,2022,+1 Lap Puncture,0.8,-1.5896686903336978,8,22.059,0.0,-0.086,0.137
Williams,9,2018,+2 Laps +2 Laps,1.6,0.10705519769718697,9,23.103,0.6908,-0.08,-0.009
Williams,9,2019,+2 Laps +2 Laps,1.6,0.10705519769718697,9,21.982,0.0,-0.086,-0.009
Williams,9,2020,+2 Laps +2 Laps,1.6,0.10705519769718697,9,20.342,3.8424,-0.095,-0.01
Williams,9,2021,+2 Laps +2 Laps,1.6,0.10705519769718697,9,21.432,0.0573,0.147,0.016
Williams,9,2022,+2 Laps +2 Laps,1.6,0.10705519769718697,9,25.252,0.0,-0.087,-0.009
Williams,10,2018,Finished Finished,2.0,0.9554171417126291,10,27.999,0.0,-0.088,-0.084
Williams,10,2019,Finished Finished,2.0,0.9554171417126291,10,29.737,0.9376,-0.088,-0.084
Williams,10,2021,Finished Finished,2.0,0.9554171417126291,10,31.12,4.1111,-0.097,-0.093
Williams,10,2022,Finished Finished,2.0,0.9554171417126291,10,39.82,15.8229,-0.099,-0.095
Williams,11,2018,Engine Engine,0.0,-3.2863925783645827,11,21.837,0.0177,0.683,-2.245
Williams,11,2019,Engine Engine,0.0,-3.2863925783645827,11,21.978,1.0154,-0.086,0.283
Williams,11,2022,Engine Engine,0.0,-3.2863925783645827,11,21.431,0.0,-0.085,0.279
Williams,12,2018,+2 Laps +2 Laps,1.6,0.10705519769718697,12,21.4,0.0,-0.085,-0.009
Williams,12,2019,+2 Laps +2 Laps,1.6,0.10705519769718697,12,21.824,0.3691,-0.062,-0.007
Williams,12,2020,+2 Laps +2 Laps,1.6,0.10705519769718697,12,36.898,0.8266,-0.089,-0.01
Williams,12,2022,+2 Laps +2 Laps,1.6,0.10705519769718697,12,39.844,0.0,-0.092,-0.01
Williams,13,2018,+1 Lap +1 Lap,1.6,0.10705519769718697,13,21.191,2.0213,-0.092,-0.01
Williams,13,2019,+1 Lap +1 Lap,1.6,0.10705519769718697,13,24.012,1.7508,-0.092,-0.01
Williams,13,2020,+1 Lap +1 Lap,1.6,0.10705519769718697,13,34.462,3.3809,-0.097,-0.01
Williams,13,2021,+1 Lap +1 Lap,1.6,0.10705519769718697,13,19.389,0.0,-0.084,-0.009
Williams,13,2022,+1 Lap +1 Lap,1.6,0.10705519769718697,13,21.779,0.0,-0.085,-0.009
Williams,14,2018,+1 Lap +1 Lap,1.6,0.10705519769718697,14,25.842,0.0,-0.088,-0.009
Williams,14,2019,+1 Lap +1 Lap,1.6,0.10705519769718697,14,21.629,3.9464,-0.096,-0.01
Williams,14,2020,+1 Lap +1 Lap,1.6,0.10705519769718697,14,23.73,0.0,-0.087,-0.009
Williams,14,2021,+1 Lap +1 Lap,1.6,0.10705519769718697,14,24.846,0.0,-0.087,-0.009
Williams,14,2022,+1 Lap +1 Lap,1.6,0.10705519769718697,14,23.452,0.1457,-0.011,-0.001
Williams,15,2018,+1 Lap +2 Laps,1.6,0.10705519769718697,15,30.508,1.2533,-0.091,-0.01
Williams,15,2019,+1 Lap +2 Laps,1.6,0.10705519769718697,15,32.71,5.6101,-0.098,-0.01
Williams,15,2020,+1 Lap +2 Laps,1.6,0.10705519769718697,15,19.014,0.0,-0.083,-0.009
Williams,15,2021,+1 Lap +2 Laps,1.6,0.10705519769718697,15,36.683,9.1097,-0.098,-0.01
Williams,15,2022,+1 Lap +2 Laps,1.6,0.10705519769718697,15,20.21,0.0064,2.238,0.24
Williams,16,2018,+1 Lap +2 Laps,1.6,0.10705519769718697,16,29.589,0.0,-0.089,-0.01
Williams,16,2019,+1 Lap +2 Laps,1.6,0.10705519769718697,16,30.168,0.0,-0.089,-0.01
Williams,16,2020,+1 Lap +2 Laps,1.6,0.10705519769718697,16,24.684,0.0,-0.087,-0.009
Williams,16,2021,+1 Lap +2 Laps,1.6,0.10705519769718697,16,35.509,0.0,-0.091,-0.01
Williams,16,2022,+1 Lap +2 Laps,1.6,0.10705519769718697,16,24.254,0.0,-0.087,-0.009
Williams,17,2018,+1 Lap +1 Lap,1.6,0.10705519769718697,17,25.192,2.1779,-0.094,-0.01
Williams,17,2019,+1 Lap +1 Lap,1.6,0.10705519769718697,17,23.292,0.0,-0.086,-0.009
Williams,17,2020,+1 Lap +1 Lap,1.6,0.10705519769718697,17,22.036,0.0,-0.086,-0.009
Williams,17,2021,+1 Lap +1 Lap,1.6,0.10705519769718697,17,23.827,0.0,-0.087,-0.009
Williams,17,2022,+1 Lap +1 Lap,1.6,0.10705519769718697,17,29.863,0.0,-0.089,-0.01
Williams,18,2018,+1 Lap +2 Laps,1.6,0.10705519769718697,18,25.843,5.8427,-0.097,-0.01
Williams,18,2019,+1 Lap +2 Laps,1.6,0.10705519769718697,18,22.745,0.0,-0.086,-0.009
Williams,18,2021,+1 Lap +2 Laps,1.6,0.10705519769718697,18,24.821,1.7466,-0.092,-0.01
Williams,18,2022,+1 Lap +2 Laps,1.6,0.10705519769718697,18,6.04,0.0,-0.049,-0.005
Williams,19,2018,+2 Laps +2 Laps,1.6,0.10705519769718697,19,23.322,0.3818,-0.065,-0.007
Williams,19,2019,+2 Laps +2 Laps,1.6,0.10705519769718697,19,24.881,0.4441,-0.072,-0.008
Williams,19,2021,+2 Laps +2 Laps,1.6,0.10705519769718697,19,17.948,0.0,-0.082,-0.009
Williams,19,2022,+2 Laps +2 Laps,1.6,0.10705519769718697,19,25.417,0.0,-0.087,-0.009
Williams,20,2018,+2 Laps +2 Laps,1.6,0.10705519769718697,20,23.859,0.1149,0.011,0.001
Williams,20,2019,+2 Laps +2 Laps,1.6,0.10705519769718697,20,23.346,0.0,-0.086,-0.009
Williams,20,2021,+2 Laps +2 Laps,1.6,0.10705519769718697,20,26.157,0.0,-0.088,-0.009
Williams,20,2022,+2 Laps +2 Laps,1.6,0.10705519769718697,20,23.314,0.2758,-0.052,-0.006
Williams,21,2018,+1 Lap +1 Lap,1.6,0.10705519769718697,21,22.472,0.0,-0.086,-0.009
Williams,21,2019,+1 Lap +1 Lap,1.6,0.10705519769718697,21,25.31,4.995,-0.097,-0.01
Williams,21,2021,+1 Lap +1 Lap,1.6,0.10705519769718697,21,22.082,7.1877,-0.097,-0.01
Williams,21,2022,+1 Lap +1 Lap,1.6,0.10705519769718697,21,23.469,0.0,-0.086,-0.009
