Round,Driver ID,Mean,StdDev,Year
1,alonso,22.573,0.0,2018
1,bottas,21.664,0.0,2018
1,brendon_hartley,22.2545,0.0586898628384823,2018
1,grosjean,23.054,0.0,2018
1,hamilton,21.821,0.0,2018
1,hulkenberg,22.628,0.0,2018
1,kevin_magnussen,21.983,0.0,2018
1,leclerc,22.539,0.4200214280248063,2018
1,max_verstappen,20.953,0.0,2018
1,ocon,21.854,0.0,2018
1,perez,22.327,0.0,2018
1,raikkonen,21.421,0.0,2018
1,ricciardo,21.44,0.0,2018
1,sainz,23.868,0.0,2018
1,stroll,23.4505,2.904087550333151,2018
1,vandoorne,22.474,0.0,2018
1,vettel,21.787,0.0,2018
2,alonso,24.787,0.2913279938488569,2018
2,bottas,26.105,0.0,2018
2,brendon_hartley,36.646,0.0,2018
2,ericsson,25.194,0.0,2018
2,gasly,24.896,0.0862670273047587,2018
2,grosjean,25.269,0.364867099092261,2018
2,hamilton,24.302,0.0,2018
2,hulkenberg,24.418,0.0509116882454295,2018
2,kevin_magnussen,24.8675,0.3372899346259821,2018
2,leclerc,25.351,0.2998132752230958,2018
2,max_verstappen,30.381,0.0,2018
2,ocon,24.6575,0.0869741340859448,2018
2,perez,24.8345,0.2227386360737621,2018
2,raikkonen,25.018,0.0,2018
2,sainz,25.5375,0.3259762261270011,2018
2,sirotkin,24.672,0.0,2018
2,stroll,29.125,6.345576254368076,2018
2,vandoorne,25.106,0.0353553390593266,2018
2,vettel,24.524,0.0,2018
3,alonso,24.11,0.0,2018
3,bottas,22.097,0.0,2018
3,brendon_hartley,23.621,0.6349818895055181,2018
3,ericsson,22.785,0.0,2018
3,gasly,29.299999999999997,7.56604255869606,2018
3,grosjean,23.358,0.5331585130146553,2018
3,hamilton,22.464,0.0,2018
3,hulkenberg,23.4755,0.252437120883597,2018
3,kevin_magnussen,22.973,0.0,2018
3,leclerc,23.392,0.0,2018
3,max_verstappen,22.6555,0.084145706961199,2018
3,ocon,22.959,0.4553767670841354,2018
3,perez,22.595,0.3691097397793779,2018
3,raikkonen,22.913,0.0,2018
3,ricciardo,22.8665,0.2481944801964813,2018
3,sainz,23.526,0.5784133470105943,2018
3,sirotkin,23.2195,0.7021570337182432,2018
3,stroll,22.661,0.0,2018
3,vandoorne,23.73,0.0,2018
3,vettel,23.009,0.0,2018
4,alonso,56.71,0.0,2018
4,bottas,20.192,0.0,2018
4,brendon_hartley,21.08566666666667,0.2837469529939193,2018
4,ericsson,34.038000000000004,9.443665654818576,2018
4,gasly,21.0345,0.3570889244992045,2018
4,grosjean,22.241,0.7297341981845183,2018
4,hamilton,20.853,0.6731656556895932,2018
4,kevin_magnussen,28.693,9.779286783809953,2018
4,leclerc,21.058,0.0,2018
4,max_verstappen,19.765,0.0,2018
4,perez,27.1415,1.368251621595971,2018
4,raikkonen,25.5805,6.2670874016563705,2018
4,ricciardo,19.925,0.0,2018
4,sainz,21.516,0.0,2018
4,stroll,19.737,0.0,2018
4,vandoorne,20.916666666666668,0.1734137633907221,2018
4,vettel,20.43,0.5557859300126273,2018
5,alonso,21.721,0.0,2018
5,bottas,23.213,0.0,2018
5,brendon_hartley,22.5515,0.1124299782086603,2018
5,ericsson,22.1,0.0,2018
5,hamilton,22.085,0.0,2018
5,kevin_magnussen,22.917,0.0,2018
5,leclerc,21.995,0.0,2018
5,max_verstappen,21.74,0.0,2018
5,ocon,47.91,0.0,2018
5,perez,22.34,0.1385929291125618,2018
5,ricciardo,21.618,0.0,2018
5,sainz,22.409,0.0,2018
5,sirotkin,22.64933333333333,1.0528249300493095,2018
5,stroll,21.351,0.0,2018
5,vandoorne,27.416,0.0,2018
5,vettel,23.1635,1.56906994745295,2018
6,alonso,24.241,0.0,2018
6,bottas,24.02,0.0,2018
6,brendon_hartley,24.326,0.0,2018
6,ericsson,24.291,0.0,2018
6,gasly,24.296,0.0,2018
6,grosjean,24.6545,0.1223294731452702,2018
6,hamilton,23.739,0.0,2018
6,hulkenberg,25.213,0.0,2018
6,kevin_magnussen,24.237,0.0,2018
6,leclerc,23.87,0.0,2018
6,max_verstappen,24.111,0.0,2018
6,ocon,24.663,0.0,2018
6,perez,29.379,0.0,2018
6,raikkonen,24.263,0.0,2018
6,ricciardo,24.542,0.0,2018
6,sainz,24.874,0.0,2018
6,sirotkin,27.514333333333337,3.7253424451093538,2018
6,stroll,29.947666666666667,4.627162881651492,2018
6,vandoorne,26.1275,0.9751002512562488,2018
6,vettel,23.964,0.0,2018
7,alonso,23.099,0.0,2018
7,bottas,23.775,0.0,2018
7,ericsson,23.529,0.0,2018
7,gasly,24.107,0.0,2018
7,grosjean,24.4,0.0,2018
7,hamilton,23.335,0.0,2018
7,hulkenberg,24.521,0.0,2018
7,kevin_magnussen,24.008,0.0,2018
7,leclerc,23.666,0.0,2018
7,max_verstappen,23.137,0.0,2018
7,ocon,25.353,0.0,2018
7,perez,23.902,0.2602152954766497,2018
7,raikkonen,23.645,0.0,2018
7,ricciardo,23.279,0.0,2018
7,sainz,24.416,0.0,2018
7,sirotkin,23.531,0.0,2018
7,vandoorne,32.2725,12.353862574110174,2018
7,vettel,23.529,0.0,2018
8,alonso,25.2885,0.7078138879677337,2018
8,bottas,29.3105,1.916966483796733,2018
8,brendon_hartley,24.297,0.0,2018
8,ericsson,24.295,0.0,2018
8,grosjean,29.996,0.0,2018
8,hamilton,24.31,0.0,2018
8,hulkenberg,25.016,0.0,2018
8,kevin_magnussen,25.419,0.0,2018
8,leclerc,25.026,0.0,2018
8,max_verstappen,24.395,0.0,2018
8,raikkonen,24.289,0.0,2018
8,ricciardo,24.309,0.0,2018
8,sainz,25.423,0.0,2018
8,sirotkin,26.273,0.0,2018
8,stroll,26.576,0.0,2018
8,vandoorne,24.399,0.0,2018
8,vettel,31.820500000000003,1.1193500346183074,2018
9,alonso,21.588,0.0,2018
9,ericsson,21.519,0.0,2018
9,gasly,22.011,0.0,2018
9,grosjean,22.121,0.0,2018
9,hamilton,21.1125,0.1873832970144354,2018
9,kevin_magnussen,22.138,0.0,2018
9,leclerc,21.364,0.0,2018
9,max_verstappen,21.214,0.0,2018
9,ocon,22.527,0.0,2018
9,perez,22.863,0.0,2018
9,raikkonen,21.552,0.0,2018
9,ricciardo,21.6045,0.4886107857999048,2018
9,sainz,24.796,2.176474672492194,2018
9,sirotkin,23.966,1.2982480502585014,2018
9,stroll,22.24,0.0834386001800103,2018
9,vandoorne,34.5415,16.992483058693924,2018
9,vettel,23.912,0.0,2018
10,alonso,28.377,0.4129503602129447,2018
10,bottas,27.894,0.0,2018
10,ericsson,28.207,0.0,2018
10,gasly,29.220999999999997,0.7707463914933379,2018
10,grosjean,29.254,0.0,2018
10,hamilton,28.982,0.0,2018
10,hulkenberg,28.719,0.0,2018
10,kevin_magnussen,28.45,0.0,2018
10,leclerc,27.865,0.0,2018
10,max_verstappen,28.229,0.3238549057834376,2018
10,ocon,29.41,0.0,2018
10,perez,28.743499999999997,0.1308147545195116,2018
10,raikkonen,33.778999999999996,6.779739818016616,2018
10,ricciardo,28.0975,0.1364716087690021,2018
10,sainz,28.576,0.704278354061803,2018
10,sirotkin,28.224,0.0,2018
10,stroll,27.774,0.0,2018
10,vandoorne,28.471,0.2644579361637704,2018
10,vettel,28.4255,0.3556747109368334,2018
11,alonso,20.334,1.1972380715630446,2018
11,bottas,26.2335,9.963841653699646,2018
11,brendon_hartley,19.309,0.0,2018
11,ericsson,18.84,0.0,2018
11,gasly,19.659,0.207889393668844,2018
11,grosjean,20.198,0.0,2018
11,hamilton,18.978,0.0,2018
11,hulkenberg,20.168,0.825900720425887,2018
11,kevin_magnussen,19.818,0.0,2018
11,leclerc,20.37333333333333,0.9963846312209624,2018
11,max_verstappen,19.375333333333337,0.3344522885754165,2018
11,ocon,19.57,0.0,2018
11,perez,25.13,0.0,2018
11,raikkonen,19.647,0.0,2018
11,sainz,19.8985,0.3698168465605628,2018
11,sirotkin,24.173,0.0,2018
11,stroll,19.501,0.0353553390593291,2018
11,vandoorne,19.778,0.0,2018
11,vettel,18.657,0.0,2018
12,alonso,21.795,0.0,2018
12,bottas,21.337,0.0,2018
12,brendon_hartley,21.831,0.0,2018
12,ericsson,22.64,0.0,2018
12,gasly,21.684,0.0,2018
12,grosjean,21.733,0.0,2018
12,hamilton,21.48,0.0,2018
12,hulkenberg,22.308,0.4836610383315967,2018
12,kevin_magnussen,25.126,0.0,2018
12,ocon,22.258,0.0,2018
12,perez,22.561,0.0,2018
12,raikkonen,23.15,1.8681761158948569,2018
12,ricciardo,21.364,0.0,2018
12,sainz,21.914,0.0,2018
12,sirotkin,21.509,0.0,2018
12,stroll,21.291,0.0,2018
12,vandoorne,21.732,0.0,2018
12,vettel,23.111,0.0,2018
13,bottas,25.433999999999997,7.191275964667188,2018
13,brendon_hartley,18.084,0.0,2018
13,ericsson,19.711,0.0,2018
13,gasly,21.5445,1.9919198026025045,2018
13,grosjean,21.764000000000003,2.0986929265616716,2018
13,hamilton,20.8735,2.1234416639032023,2018
13,kevin_magnussen,22.1625,3.02853834382198,2018
13,max_verstappen,21.1415,1.696349168066528,2018
13,ocon,21.4035,2.575990003862594,2018
13,perez,21.412,2.467802666341051,2018
13,raikkonen,30.909,6.423358000298599,2018
13,sainz,21.183,3.7816070657856553,2018
13,sirotkin,21.065,1.801708078463323,2018
13,stroll,21.3165,2.2408213895801707,2018
13,vandoorne,21.2765,2.0216182874123394,2018
13,vettel,20.9175,1.888682212549268,2018
14,bottas,23.763,0.0,2018
14,ericsson,27.7835,3.1232906525009816,2018
14,gasly,27.792,0.0,2018
14,grosjean,24.779,0.0,2018
14,hamilton,23.728,0.0,2018
14,hulkenberg,24.845,0.5501290757631343,2018
14,kevin_magnussen,38.563,0.0,2018
14,leclerc,24.084,0.0,2018
14,max_verstappen,24.003,0.0,2018
14,ocon,24.827,0.0,2018
14,perez,25.655,0.0,2018
14,raikkonen,23.862,0.0,2018
14,ricciardo,24.805,0.0,2018
14,sainz,25.774,0.0,2018
14,sirotkin,25.245,0.0,2018
14,stroll,26.44,0.0,2018
14,vandoorne,24.094,0.0,2018
14,vettel,28.26,5.598871493435084,2018
15,alonso,29.922,0.0,2018
15,bottas,28.542,0.0,2018
15,brendon_hartley,29.688,0.3167838379715735,2018
15,ericsson,28.86,0.0,2018
15,gasly,28.931,0.0,2018
15,grosjean,29.517,0.0,2018
15,hamilton,28.946,0.0,2018
15,hulkenberg,31.183,0.0,2018
15,kevin_magnussen,29.814333333333337,0.7776710958582238,2018
15,leclerc,29.31,0.0,2018
15,max_verstappen,29.681,0.0,2018
15,perez,28.293000000000003,3.4357865183972067,2018
15,raikkonen,29.513,0.0,2018
15,ricciardo,28.779,0.0,2018
15,sainz,30.242,0.0,2018
15,sirotkin,32.2495,2.506693539306311,2018
15,stroll,28.767,0.0,2018
15,vandoorne,30.234,0.0,2018
15,vettel,28.722,0.0,2018
16,alonso,30.348,0.0,2018
16,bottas,29.794,0.0,2018
16,brendon_hartley,29.418,0.0,2018
16,ericsson,30.0985,0.0671751442127224,2018
16,grosjean,30.469,0.0,2018
16,hamilton,29.551,0.0,2018
16,hulkenberg,30.625,0.0,2018
16,kevin_magnussen,29.904,0.0,2018
16,leclerc,30.397,0.0,2018
16,max_verstappen,29.37,0.0,2018
16,ocon,30.642,0.0,2018
16,perez,29.924,0.0,2018
16,raikkonen,29.531,0.0,2018
16,ricciardo,37.446,0.0,2018
16,sainz,30.021,0.0,2018
16,sirotkin,29.912,0.0,2018
16,stroll,29.266,0.0,2018
16,vandoorne,29.636,0.0,2018
16,vettel,29.798,0.0,2018
17,alonso,27.454,0.0,2018
17,bottas,22.777,0.0,2018
17,brendon_hartley,23.11,0.0,2018
17,ericsson,23.244,0.0,2018
17,gasly,23.376,0.0,2018
17,grosjean,23.692,0.0,2018
17,hamilton,22.614,0.0,2018
17,hulkenberg,23.555,0.0,2018
17,kevin_magnussen,29.007,0.0,2018
17,leclerc,32.7815,8.640137759318424,2018
17,max_verstappen,28.789,0.0,2018
17,ocon,23.316,0.0,2018
17,perez,23.635,0.0,2018
17,raikkonen,22.781,0.0,2018
17,ricciardo,22.864,0.0,2018
17,sainz,23.477,0.0,2018
17,sirotkin,23.6535,0.0091923881554275,2018
17,stroll,26.7305,4.346585383953706,2018
17,vandoorne,23.159,0.0,2018
17,vettel,22.748,0.0,2018
18,bottas,23.478,0.0,2018
18,brendon_hartley,23.819,0.0,2018
18,ericsson,23.94,0.0,2018
18,gasly,24.042,0.2503158005400385,2018
18,grosjean,35.104,0.0,2018
18,hamilton,23.804,0.1569777054234107,2018
18,hulkenberg,24.681,0.0,2018
18,kevin_magnussen,23.723,0.0,2018
18,leclerc,34.812,0.0,2018
18,max_verstappen,23.446,0.0,2018
18,ocon,24.534,0.0,2018
18,perez,25.723,0.0,2018
18,raikkonen,23.714,0.0,2018
18,sainz,29.319,0.0,2018
18,sirotkin,23.7005,0.020506096654411,2018
18,stroll,27.98466666666667,11.664932804492848,2018
18,vandoorne,24.130000000000003,0.0919238815542492,2018
18,vettel,24.449,0.0,2018
19,bottas,22.834666666666667,0.9337913757008748,2018
19,brendon_hartley,22.804,1.0592459582174478,2018
19,ericsson,31.406,0.0,2018
19,gasly,22.8125,0.3429467888754751,2018
19,grosjean,23.0795,0.4900249993622759,2018
19,hamilton,22.334,0.0919238815542529,2018
19,hulkenberg,23.037,0.0,2018
19,kevin_magnussen,22.39,0.0,2018
19,leclerc,22.588,0.0,2018
19,max_verstappen,22.131500000000003,0.0615182899632307,2018
19,ocon,25.281,3.570889244992064,2018
19,perez,23.755,0.0,2018
19,raikkonen,22.017,0.0,2018
19,ricciardo,22.022,0.0,2018
19,sainz,22.66,0.0,2018
19,sirotkin,22.732,0.0,2018
19,stroll,23.911,0.763675323681474,2018
19,vandoorne,22.174,0.0,2018
19,vettel,22.2175,0.6229610742253485,2018
20,alonso,28.3995,7.5709923061643645,2018
20,bottas,22.841,0.1612203461105326,2018
20,brendon_hartley,23.422,0.0,2018
20,ericsson,23.377,0.0,2018
20,gasly,23.757,0.0,2018
20,grosjean,23.403,0.0,2018
20,hamilton,22.641,0.0,2018
20,kevin_magnussen,23.115,0.0,2018
20,leclerc,23.593,0.0,2018
20,max_verstappen,23.432,0.0,2018
20,ocon,29.212,2.8086281348729676,2018
20,perez,23.505,0.0,2018
20,raikkonen,22.766,0.0,2018
20,ricciardo,23.3,0.0,2018
20,sainz,23.8545,0.1195010460205281,2018
20,sirotkin,23.273,0.0,2018
20,stroll,24.445500000000003,0.2298097038856286,2018
20,vandoorne,22.618,0.0,2018
20,vettel,22.616999999999997,0.0933380951166265,2018
21,alonso,21.726,0.0,2018
21,bottas,21.4445,0.2199102089490162,2018
21,brendon_hartley,41.012,0.0,2018
21,gasly,22.493,0.0,2018
21,grosjean,22.354,0.0,2018
21,hamilton,21.283,0.0,2018
21,kevin_magnussen,21.587,0.0,2018
21,leclerc,21.828,0.0,2018
21,max_verstappen,21.057,0.0,2018
21,ocon,21.979,0.0,2018
21,perez,22.112,0.0,2018
21,ricciardo,21.061,0.0,2018
21,sainz,21.964,0.0,2018
21,sirotkin,22.755,0.0,2018
21,stroll,22.189,0.0,2018
21,vandoorne,22.317,0.0,2018
21,vettel,22.63,0.0,2018
1,albon,21.78,0.0,2019
1,bottas,22.014,0.0,2019
1,gasly,21.269,0.0,2019
1,giovinazzi,27.172,0.0,2019
1,grosjean,29.981,0.0,2019
1,hamilton,21.515,0.0,2019
1,hulkenberg,21.588,0.0,2019
1,kevin_magnussen,22.388,0.0,2019
1,kubica,25.743,6.2862481656390266,2019
1,kvyat,22.086,0.0,2019
1,leclerc,22.306,0.0,2019
1,max_verstappen,21.157,0.0,2019
1,norris,21.627,0.0,2019
1,perez,23.234,0.0,2019
1,raikkonen,23.299,0.0,2019
1,ricciardo,33.027,0.0,2019
1,russell,21.616,0.1032375900532365,2019
1,stroll,22.471,0.0,2019
1,vettel,21.995,0.0,2019
2,albon,25.2505,0.5777062402294094,2019
2,bottas,24.865,0.0,2019
2,gasly,27.557,0.0,2019
2,giovinazzi,27.725,0.0,2019
2,grosjean,32.082,0.0,2019
2,hamilton,24.2895,0.0487903679018736,2019
2,hulkenberg,25.3755,0.1732411613907061,2019
2,kevin_magnussen,24.948,0.0,2019
2,kubica,24.49,0.250315800540041,2019
2,kvyat,26.508,0.0,2019
2,leclerc,24.518,0.0,2019
2,max_verstappen,25.464,1.7889801564019647,2019
2,norris,24.175,0.0,2019
2,perez,26.967,0.23900209204105,2019
2,raikkonen,25.634,0.0183847763108513,2019
2,ricciardo,25.676,0.0,2019
2,russell,24.7725,0.1972827919510454,2019
2,sainz,35.2885,14.502052975354903,2019
2,stroll,30.469,5.471592272821504,2019
2,vettel,24.228,0.0,2019
3,albon,23.215,0.0,2019
3,bottas,22.196,0.0,2019
3,gasly,22.301,0.0,2019
3,giovinazzi,25.1605,0.0332340187157669,2019
3,grosjean,23.3905,0.183140656327316,2019
3,hamilton,23.1205,0.6738727624707819,2019
3,hulkenberg,24.107,0.0,2019
3,kevin_magnussen,23.673499999999997,0.4108290398693825,2019
3,kubica,32.627,0.0,2019
3,kvyat,28.837666666666667,13.19719532072377,2019
3,leclerc,22.921,0.0,2019
3,max_verstappen,22.793999999999997,0.6066976182580569,2019
3,norris,35.63333333333333,14.212440512921535,2019
3,perez,23.733,0.0,2019
3,raikkonen,23.888,0.0,2019
3,ricciardo,23.506,0.0,2019
3,russell,24.332,0.0,2019
3,sainz,45.878,0.0,2019
3,stroll,23.466,0.0,2019
3,vettel,22.5325,0.3061772362537749,2019
4,albon,20.72,0.0,2019
4,bottas,20.006,0.0,2019
4,giovinazzi,20.776,0.0,2019
4,grosjean,20.906,0.0,2019
4,hamilton,19.993,0.0,2019
4,hulkenberg,21.0975,0.3217335854398779,2019
4,kevin_magnussen,20.4885,0.5239661248592328,2019
4,kubica,18.936333333333337,3.353369847382379,2019
4,kvyat,21.013,0.0,2019
4,leclerc,20.1195,0.3712310601229402,2019
4,max_verstappen,20.973,0.0,2019
4,norris,20.9495,1.5987684322627822,2019
4,perez,20.939,0.0,2019
4,raikkonen,21.401,0.0,2019
4,ricciardo,20.884,0.0,2019
4,russell,20.613,0.1951614716074882,2019
4,sainz,19.755,0.0,2019
4,stroll,23.099,0.0,2019
4,vettel,19.981,0.0,2019
5,albon,30.468,9.725546668439772,2019
5,bottas,22.026,0.0113137084989835,2019
5,gasly,22.563,0.0,2019
5,giovinazzi,22.944000000000003,0.7962022356160521,2019
5,grosjean,22.379,0.0,2019
5,hamilton,22.388,0.173948268171891,2019
5,hulkenberg,22.193,0.0,2019
5,kevin_magnussen,22.5085,0.6837722574073943,2019
5,kubica,21.954,0.0,2019
5,kvyat,27.935,8.324061028128037,2019
5,leclerc,23.646,0.0,2019
5,max_verstappen,22.4785,0.0869741340859436,2019
5,norris,21.579,0.0,2019
5,perez,22.8385,0.0813172798364543,2019
5,raikkonen,22.342,0.0,2019
5,ricciardo,22.5405,0.2283954903232513,2019
5,russell,22.442,0.0,2019
5,sainz,21.468,0.0,2019
5,stroll,23.321,0.0,2019
5,vettel,22.6945,1.4870455608353068,2019
6,albon,25.062,0.0,2019
6,bottas,24.903,0.1796051224213827,2019
6,gasly,24.009500000000003,0.2142533546995257,2019
6,giovinazzi,35.651,0.0,2019
6,grosjean,24.219,0.0,2019
6,hamilton,24.266,0.0,2019
6,hulkenberg,25.532,0.0,2019
6,kevin_magnussen,25.419,0.0,2019
6,kubica,23.946,0.0,2019
6,kvyat,24.023,0.0,2019
6,leclerc,25.8345,0.183140656327316,2019
6,max_verstappen,24.011,0.0,2019
6,norris,25.026,0.0,2019
6,perez,28.463,0.0,2019
6,raikkonen,26.299,0.0,2019
6,ricciardo,24.269,0.0,2019
6,russell,26.165,0.0,2019
6,sainz,23.795,0.0,2019
6,stroll,24.591,0.0,2019
6,vettel,24.483,0.0,2019
7,albon,37.95,0.0,2019
7,bottas,23.725,0.380423448278364,2019
7,gasly,23.485,0.0,2019
7,giovinazzi,23.884,0.0,2019
7,grosjean,24.071,0.0,2019
7,hamilton,23.662,0.0,2019
7,hulkenberg,24.03,0.0,2019
7,kevin_magnussen,24.381,0.0,2019
7,kubica,24.1645,1.4785602794610715,2019
7,kvyat,23.825,0.0,2019
7,leclerc,23.732,0.0,2019
7,max_verstappen,23.426,0.0,2019
7,perez,24.076,0.0,2019
7,raikkonen,25.004,0.4780041840821037,2019
7,ricciardo,23.927,0.0,2019
7,russell,23.686,0.0,2019
7,sainz,24.727,0.0,2019
7,stroll,23.727,0.0,2019
7,vettel,23.782,0.0,2019
8,albon,30.279,0.0,2019
8,bottas,30.412,0.0,2019
8,gasly,30.228,0.0,2019
8,giovinazzi,31.2695,0.6045762979144972,2019
8,grosjean,30.837,0.0,2019
8,hamilton,30.186,0.0,2019
8,hulkenberg,30.884,0.0,2019
8,kevin_magnussen,30.832,0.0,2019
8,kubica,29.792,0.0,2019
8,kvyat,30.233,0.0,2019
8,leclerc,30.203,0.0,2019
8,max_verstappen,30.118,0.0,2019
8,norris,30.576,0.0,2019
8,perez,37.286,0.0,2019
8,raikkonen,29.975,0.0,2019
8,ricciardo,31.031,0.0,2019
8,russell,34.722,3.9201999948982182,2019
8,sainz,29.92,0.0,2019
8,stroll,30.849,0.0,2019
8,vettel,30.256,0.2998132752230958,2019
9,albon,21.225,0.0,2019
9,bottas,22.552,0.0,2019
9,gasly,22.239,0.0,2019
9,giovinazzi,21.672,0.0,2019
9,grosjean,22.265,0.0,2019
9,hamilton,30.067,0.0,2019
9,hulkenberg,21.985,0.0,2019
9,kevin_magnussen,20.592,3.811516364913051,2019
9,kubica,21.525,0.0,2019
9,kvyat,25.091,0.0,2019
9,leclerc,21.878,0.0,2019
9,max_verstappen,21.11,0.0,2019
9,norris,21.547,0.0,2019
9,perez,22.33,0.0,2019
9,raikkonen,21.709,0.0,2019
9,ricciardo,22.305,0.0,2019
9,russell,22.772,0.0,2019
9,sainz,21.266,0.0,2019
9,stroll,21.982,0.0,2019
9,vettel,23.7435,2.110713741841844,2019
10,albon,28.954,0.0,2019
10,bottas,28.335,0.2234457428549495,2019
10,gasly,27.905,0.0,2019
10,grosjean,33.562,0.0,2019
10,hamilton,28.905,0.0,2019
10,hulkenberg,28.926,0.0,2019
10,kevin_magnussen,32.767,0.0,2019
10,kubica,28.694,0.0,2019
10,kvyat,29.094,0.4002224381515864,2019
10,leclerc,28.453,0.1484924240491756,2019
10,max_verstappen,27.8885,0.0869741340859448,2019
10,norris,28.097,0.2517300141024108,2019
10,perez,32.34766666666666,4.980869033947119,2019
10,raikkonen,28.364,0.0,2019
10,ricciardo,28.3985,0.024748737341528,2019
10,russell,30.245,0.0,2019
10,sainz,27.98,0.0,2019
10,stroll,29.737,0.9376235918533612,2019
10,vettel,33.2445,7.387144543055864,2019
11,albon,20.576,0.0,2019
11,bottas,21.3705,1.2339013331705235,2019
11,gasly,29.667,0.0,2019
11,giovinazzi,22.509,0.0,2019
11,grosjean,27.232,0.0,2019
11,hamilton,20.203,0.0,2019
11,hulkenberg,21.125,1.4241130573097087,2019
11,kevin_magnussen,21.1425,0.0516187950266169,2019
11,kubica,22.118499999999997,2.37941431869273,2019
11,kvyat,22.289,1.1327850634608505,2019
11,leclerc,21.2315,1.231072906045779,2019
11,max_verstappen,20.999,1.9219162312650375,2019
11,norris,20.822000000000003,0.8202438661763964,2019
11,raikkonen,27.256,0.0,2019
11,ricciardo,21.224,0.0,2019
11,russell,20.0025,1.011869803877949,2019
11,sainz,23.363,0.0,2019
11,stroll,21.978,1.0154053377838823,2019
11,vettel,20.431,0.4765899705197327,2019
12,albon,23.676,0.0,2019
12,bottas,27.536,8.19112495326497,2019
12,gasly,22.104,0.0,2019
12,giovinazzi,23.218,0.0,2019
12,grosjean,22.035,0.0,2019
12,hamilton,22.135,1.0535891039679537,2019
12,hulkenberg,21.734,0.0,2019
12,kevin_magnussen,21.618,0.0,2019
12,kubica,21.754,0.0,2019
12,kvyat,23.002,0.0,2019
12,leclerc,21.575,0.0,2019
12,max_verstappen,21.4345,0.38254476862192,2019
12,norris,26.066,0.0,2019
12,perez,21.901,0.0,2019
12,raikkonen,22.205,0.0,2019
12,ricciardo,22.498,0.0,2019
12,russell,21.333,0.0,2019
12,sainz,21.832,0.0,2019
12,stroll,21.824,0.3691097397793779,2019
12,vettel,24.819,0.0,2019
13,albon,22.506,0.0,2019
13,bottas,22.579,0.0,2019
13,gasly,22.772,0.0,2019
13,giovinazzi,23.044,0.0,2019
13,grosjean,22.912,0.0,2019
13,hamilton,23.497,0.0,2019
13,hulkenberg,23.2375,0.3358757210636111,2019
13,kevin_magnussen,22.584,0.0,2019
13,kubica,24.247,0.0,2019
13,kvyat,22.834,0.0,2019
13,leclerc,22.449,0.0,2019
13,norris,23.182,0.0,2019
13,perez,23.133,0.0,2019
13,raikkonen,30.313999999999997,7.620703182777822,2019
13,ricciardo,27.62,0.0,2019
13,russell,22.442,0.0,2019
13,sainz,59.291,0.0,2019
13,stroll,24.012,1.750796390217891,2019
13,vettel,22.8245,0.0544472221513628,2019
14,albon,29.83,0.0,2019
14,bottas,23.7,0.0,2019
14,gasly,24.363,0.0,2019
14,giovinazzi,25.698,0.0,2019
14,grosjean,25.801,0.961665222413708,2019
14,hamilton,23.8215,0.1279863273947632,2019
14,hulkenberg,24.092,0.0,2019
14,kevin_magnussen,24.689,0.4087077195258266,2019
14,kubica,27.851,5.644126327431022,2019
14,kvyat,24.479,0.0,2019
14,leclerc,23.833,0.0,2019
14,max_verstappen,27.757,4.884693644436667,2019
14,norris,24.311,0.0,2019
14,perez,25.34,0.0,2019
14,raikkonen,28.4805,5.533110562784732,2019
14,ricciardo,24.32,0.0,2019
14,russell,24.198,0.0,2019
14,sainz,27.01,0.0,2019
14,stroll,21.628500000000003,3.94636294580212,2019
14,vettel,29.55666666666667,4.4963425507108905,2019
15,albon,28.606,0.0,2019
15,bottas,29.234,0.0,2019
15,gasly,32.482,0.0,2019
15,giovinazzi,29.015,0.0777817459305198,2019
15,grosjean,36.516,9.984347750354052,2019
15,hamilton,28.93,0.0,2019
15,hulkenberg,29.3575,0.2906208870676707,2019
15,kevin_magnussen,30.1595,1.0698525599352464,2019
15,kubica,29.677,0.9107535341682746,2019
15,kvyat,31.755,4.180415290374868,2019
15,leclerc,29.168,0.0,2019
15,max_verstappen,28.846,0.0,2019
15,norris,30.397,0.0,2019
15,perez,29.082,0.0,2019
15,raikkonen,29.992,0.0,2019
15,ricciardo,30.756,0.0,2019
15,russell,38.752,0.0,2019
15,sainz,30.623,0.0,2019
15,stroll,32.71,5.610123349802571,2019
15,vettel,29.384,0.0,2019
16,albon,29.854,0.0,2019
16,bottas,29.436,0.0,2019
16,gasly,29.935,0.0,2019
16,giovinazzi,34.21,5.6328126189320376,2019
16,hamilton,29.751,0.0,2019
16,hulkenberg,32.025000000000006,3.1664241661533636,2019
16,kevin_magnussen,30.509,0.0,2019
16,kubica,30.382,0.2899137802864833,2019
16,kvyat,30.162,0.8358002153624969,2019
16,leclerc,29.4745,0.1039446968344226,2019
16,max_verstappen,29.978,0.0,2019
16,norris,29.29,0.0,2019
16,perez,30.271,0.0,2019
16,raikkonen,30.775,8.113343207334447,2019
16,ricciardo,36.031,0.0,2019
16,russell,29.857,0.0,2019
16,sainz,30.103,0.0,2019
16,stroll,30.168,0.0,2019
16,vettel,29.86,0.0,2019
17,albon,23.3275,0.0374766594028888,2019
17,bottas,23.0785,0.1110157646462892,2019
17,gasly,23.18,0.0,2019
17,giovinazzi,23.351,0.0,2019
17,grosjean,23.478,0.0,2019
17,hamilton,23.5865,0.0063639610306791,2019
17,hulkenberg,24.132,0.0,2019
17,kevin_magnussen,24.0645,0.129400540957138,2019
17,kubica,24.852,2.661549924386167,2019
17,kvyat,23.293,0.0,2019
17,leclerc,25.787333333333333,4.085775487387103,2019
17,norris,24.648000000000003,0.9885352800987944,2019
17,perez,23.0905,0.2976919548795361,2019
17,raikkonen,23.816000000000003,0.922067242667258,2019
17,ricciardo,23.292,0.0,2019
17,russell,23.792,0.0,2019
17,sainz,23.476,0.0,2019
17,stroll,23.292,0.0,2019
17,vettel,23.6225,0.579120453791783,2019
18,albon,22.0975,0.1336431816442575,2019
18,bottas,22.179,0.0,2019
18,gasly,22.6535,0.0502045814642471,2019
18,giovinazzi,43.411,0.0,2019
18,grosjean,24.128,0.0,2019
18,hamilton,22.269,0.0,2019
18,hulkenberg,22.484,0.0,2019
18,kevin_magnussen,23.084,0.0,2019
18,kubica,23.588,1.4396694064958118,2019
18,kvyat,22.2615,0.323147799002249,2019
18,leclerc,23.894,2.675692060009899,2019
18,max_verstappen,24.493,0.0,2019
18,perez,22.357,0.0,2019
18,raikkonen,22.8585,0.1477853172679894,2019
18,ricciardo,22.345,0.0,2019
18,russell,22.887,0.0,2019
18,sainz,22.21,0.043840620433568,2019
18,stroll,22.745,0.0,2019
18,vettel,21.862,0.0,2019
19,albon,27.006,6.1485073798443155,2019
19,bottas,23.985,0.2347594513539343,2019
19,gasly,24.195,0.0,2019
19,giovinazzi,24.718,0.7240773439350253,2019
19,grosjean,24.583,0.0,2019
19,hamilton,23.943,0.0,2019
19,hulkenberg,23.9645,0.3966869042456531,2019
19,kevin_magnussen,24.83,0.1400071426749329,2019
19,kubica,24.164,0.0,2019
19,kvyat,25.6385,2.088086324843876,2019
19,leclerc,26.5005,3.7568583284441273,2019
19,max_verstappen,23.58,0.1923330444827411,2019
19,norris,24.678,0.0,2019
19,perez,24.207,0.0,2019
19,raikkonen,24.615,0.1004091629284881,2019
19,ricciardo,23.751,0.0,2019
19,russell,23.702,0.0,2019
19,sainz,24.784,0.0,2019
19,stroll,24.881,0.4440630585851519,2019
20,albon,23.073,0.0,2019
20,bottas,23.179,0.0438406204335655,2019
20,gasly,23.253,0.4681046891454938,2019
20,giovinazzi,23.3395,0.2609224022578358,2019
20,grosjean,23.776,0.0,2019
20,hamilton,22.985,0.1456639969244297,2019
20,hulkenberg,23.47,0.1781909088590104,2019
20,kevin_magnussen,23.891,0.0,2019
20,kubica,26.5645,3.823326365875661,2019
20,kvyat,23.0685,0.4376990975544727,2019
20,leclerc,22.966,0.0,2019
20,max_verstappen,22.7375,0.1138441917710351,2019
20,norris,23.381,0.0,2019
20,perez,23.1105,0.0445477272147504,2019
20,raikkonen,23.463,0.0,2019
20,ricciardo,30.1255,0.8973185053257314,2019
20,russell,22.5,0.0,2019
20,sainz,22.77,0.0,2019
20,stroll,23.346,0.0,2019
20,vettel,23.039,0.0,2019
21,albon,22.028,0.0,2019
21,bottas,21.145,0.0,2019
21,giovinazzi,22.0825,0.1491995308303604,2019
21,grosjean,21.968,0.0,2019
21,hamilton,22.178,0.0,2019
21,hulkenberg,21.578,0.0,2019
21,kevin_magnussen,21.531,0.0,2019
21,kubica,21.688,0.0,2019
21,kvyat,21.496,0.0,2019
21,leclerc,21.4855,0.2991061684419096,2019
21,max_verstappen,21.023,0.0,2019
21,norris,22.974,0.0,2019
21,perez,22.23,0.0,2019
21,raikkonen,22.41,0.0,2019
21,ricciardo,21.764,0.1979898987322341,2019
21,russell,22.272,0.0,2019
21,sainz,21.697000000000003,0.326683332908186,2019
21,stroll,25.31,4.995002302301772,2019
21,vettel,23.8145,2.766908834782962,2019
1,albon,20.052,2.6279191387864267,2020
1,bottas,19.172,3.910300499961609,2020
1,gasly,22.466,0.0,2020
1,giovinazzi,23.2295,0.6074047250392444,2020
1,grosjean,23.28,0.0,2020
1,hamilton,19.1075,3.878480694808216,2020
1,kvyat,22.1955,0.8110514780209689,2020
1,latifi,21.988,0.098994949366117,2020
1,leclerc,22.364,0.5543717164502525,2020
1,norris,21.240333333333336,2.799758799134906,2020
1,ocon,21.683,0.0,2020
1,perez,19.4645,4.127382281785879,2020
1,raikkonen,22.399,1.1737972567696702,2020
1,russell,21.417,0.0,2020
1,sainz,22.816,1.429769911559198,2020
1,vettel,22.4845,0.3585031380615781,2020
2,albon,21.505,0.0,2020
2,bottas,21.376,0.0,2020
2,gasly,22.115,0.2333452377915607,2020
2,giovinazzi,21.667,0.0,2020
2,grosjean,22.444,0.0,2020
2,hamilton,21.729,0.0,2020
2,kevin_magnussen,21.977,0.0,2020
2,kvyat,22.197,0.0,2020
2,latifi,22.745,0.0,2020
2,leclerc,39.715,0.0,2020
2,max_verstappen,21.014000000000003,0.108894444302727,2020
2,norris,22.406,0.0,2020
2,perez,22.761,0.0,2020
2,raikkonen,21.459,0.0,2020
2,ricciardo,21.603,0.0,2020
2,russell,21.697,0.0,2020
2,sainz,23.928,2.9062088706767097,2020
2,stroll,22.118,0.0,2020
3,albon,22.61,0.6165971131946694,2020
3,bottas,21.775,0.1852619766708757,2020
3,gasly,22.74,0.0,2020
3,giovinazzi,22.6825,0.5649783181680511,2020
3,grosjean,22.591,0.0,2020
3,hamilton,22.32,0.0,2020
3,kvyat,23.1265,0.6243752877877233,2020
3,latifi,28.766,7.377596559856062,2020
3,leclerc,22.415,0.2107178207935924,2020
3,max_verstappen,21.529,0.0,2020
3,norris,23.012,0.0,2020
3,ocon,23.0705,1.7119055172526312,2020
3,perez,23.263,0.0,2020
3,raikkonen,24.7135,3.4146186463498385,2020
3,ricciardo,21.92,0.0,2020
3,russell,21.2755,0.129400540957138,2020
3,sainz,27.131,0.0,2020
3,stroll,23.081,0.0,2020
3,vettel,25.083,4.529726040281024,2020
4,albon,31.071,3.163595739028615,2020
4,bottas,32.0865,2.143240653776421,2020
4,gasly,29.414,0.0,2020
4,giovinazzi,28.355,0.0,2020
4,grosjean,33.816,0.0,2020
4,hamilton,28.805,0.0,2020
4,latifi,31.371,0.0,2020
4,leclerc,29.52,0.0,2020
4,max_verstappen,28.240499999999997,0.0459619407771277,2020
4,norris,30.289,0.0,2020
4,ocon,30.768,0.0,2020
4,raikkonen,40.337500000000006,5.299765324993169,2020
4,ricciardo,29.559,0.0,2020
4,russell,29.302,0.0,2020
4,sainz,32.3825,5.509068932224391,2020
4,stroll,28.716,0.0,2020
4,vettel,29.439,0.0,2020
5,albon,28.137500000000003,0.3952726906832821,2020
5,bottas,28.408,0.0,2020
5,gasly,28.331000000000003,0.0353553390593291,2020
5,giovinazzi,27.892,0.0,2020
5,grosjean,29.377,0.0,2020
5,hamilton,28.406,0.0,2020
5,hulkenberg,28.6835,0.4207285348059987,2020
5,kevin_magnussen,29.1615,0.3217335854398779,2020
5,kvyat,28.036,0.0,2020
5,latifi,28.391,0.4313351365237948,2020
5,leclerc,29.419,0.0,2020
5,max_verstappen,29.0505,0.091216774773063,2020
5,norris,28.4115,0.6540737725975545,2020
5,ocon,28.093,0.0,2020
5,raikkonen,29.296,0.0,2020
5,ricciardo,28.377,0.2969848480983499,2020
5,russell,28.360999999999997,0.0424264068711906,2020
5,sainz,35.864,0.0,2020
5,stroll,28.1045,0.1845548698896896,2020
5,vettel,28.167,0.0,2020
6,albon,21.7335,0.0997020561473019,2020
6,bottas,22.31,0.0,2020
6,gasly,22.3175,0.1081873375215408,2020
6,giovinazzi,22.0185,0.3174909447527584,2020
6,grosjean,23.212,0.0,2020
6,hamilton,23.377,0.0,2020
6,kevin_magnussen,24.148,0.0,2020
6,kvyat,22.5575,0.6767011895955265,2020
6,latifi,22.322,0.0,2020
6,leclerc,22.274,0.0,2020
6,max_verstappen,21.5665,0.0487903679018723,2020
6,norris,21.93,0.2390020920410537,2020
6,ocon,22.366,0.0,2020
6,perez,22.641,0.0,2020
6,raikkonen,22.2555,0.0827314933988254,2020
6,ricciardo,21.837,0.0,2020
6,russell,22.298499999999997,0.5791204537917805,2020
6,sainz,22.122,0.0622253967444168,2020
6,stroll,22.3695,0.0261629509039028,2020
6,vettel,21.82,0.0,2020
7,albon,22.738,0.0,2020
7,bottas,25.548,0.0,2020
7,gasly,22.681,0.0,2020
7,grosjean,23.636,0.0,2020
7,hamilton,23.298,0.0,2020
7,kevin_magnussen,25.2475,1.284813021415957,2020
7,kvyat,23.769,0.0,2020
7,latifi,23.5045,0.0388908729652599,2020
7,leclerc,27.889000000000003,3.944241625458563,2020
7,max_verstappen,23.314,0.0,2020
7,norris,23.046,0.0,2020
7,ocon,24.305,0.0,2020
7,perez,23.175,0.0,2020
7,raikkonen,22.96,0.0,2020
7,ricciardo,23.586,0.0,2020
7,stroll,23.689,0.0,2020
7,vettel,22.982,0.0,2020
8,albon,29.661,0.0,2020
8,bottas,24.716,0.4327493500861646,2020
8,gasly,24.557499999999997,0.6526595590351834,2020
8,giovinazzi,24.509500000000003,0.7233702371538366,2020
8,grosjean,25.936,0.0,2020
8,hamilton,24.8435,0.2439518395093581,2020
8,kevin_magnussen,40.078,0.0,2020
8,kvyat,25.92,0.0,2020
8,latifi,25.679,0.9277240969167524,2020
8,leclerc,24.344,0.0,2020
8,max_verstappen,25.5855,0.7969093423972409,2020
8,norris,24.817,0.2899137802864833,2020
8,ocon,25.1565,0.188797510576809,2020
8,perez,26.693,0.0,2020
8,raikkonen,24.737,0.4002224381515839,2020
8,ricciardo,25.2605,0.3358757210636111,2020
8,russell,25.249,0.0,2020
8,sainz,24.71,0.4412346314604035,2020
8,stroll,25.017,0.0,2020
9,albon,20.3245,3.8657527727468546,2020
9,bottas,20.308,3.8862588694012663,2020
9,grosjean,24.3955,0.545179328294825,2020
9,hamilton,20.296,3.903229432149743,2020
9,kvyat,20.7635,4.584173262432387,2020
9,leclerc,21.347,3.324163503800618,2020
9,norris,20.924999999999997,4.355777772109134,2020
9,ocon,17.455,0.0,2020
9,perez,20.766,4.5749808742769655,2020
9,raikkonen,24.075666666666667,6.514748217186395,2020
9,ricciardo,20.7325,4.622357028616462,2020
9,russell,21.203000000000003,3.9654548288941576,2020
9,stroll,20.342,3.8424182489677015,2020
9,vettel,25.036,8.082584302065769,2020
10,albon,30.161,0.0707106781186545,2020
10,bottas,29.75,0.0,2020
10,gasly,29.5895,0.2552655480083454,2020
10,giovinazzi,29.767,0.0,2020
10,grosjean,30.021,0.0466690475583126,2020
10,hamilton,41.352,0.0,2020
10,kevin_magnussen,30.188,0.0,2020
10,kvyat,29.662,0.0,2020
10,latifi,29.862,0.0,2020
10,leclerc,30.261,0.0,2020
10,max_verstappen,28.748,0.0,2020
10,norris,34.238,4.058792924010783,2020
10,ocon,30.068,0.0,2020
10,perez,29.602,0.0,2020
10,raikkonen,33.317,0.0,2020
10,ricciardo,30.112,0.0,2020
10,russell,29.757666666666665,0.3729360981902032,2020
10,vettel,29.395,0.0,2020
11,albon,23.562,0.0,2020
11,bottas,22.625,0.0,2020
11,gasly,22.771,0.206475180106473,2020
11,giovinazzi,22.627,0.2050609665440982,2020
11,grosjean,23.635,0.0,2020
11,hamilton,23.5815,0.5678067452927971,2020
11,hulkenberg,22.693,0.0098994949366099,2020
11,kevin_magnussen,23.065,0.0692964645562847,2020
11,kvyat,30.826,0.0,2020
11,latifi,24.4,0.4765899705197327,2020
11,leclerc,22.8355,0.389615836433789,2020
11,max_verstappen,22.337000000000003,0.3266833329081835,2020
11,norris,21.991,0.0,2020
11,perez,22.88,0.0,2020
11,raikkonen,22.865,0.0,2020
11,ricciardo,22.3445,0.2623366158202107,2020
11,russell,22.496,0.0,2020
11,sainz,22.572,0.0975807358037422,2020
11,vettel,23.491,1.2374368670764582,2020
12,albon,26.0845,0.2863782463805488,2020
12,bottas,26.512,0.0,2020
12,gasly,27.204,0.0,2020
12,giovinazzi,26.473,0.0,2020
12,grosjean,26.985,0.0,2020
12,hamilton,27.162,0.0,2020
12,kevin_magnussen,27.3,0.0,2020
12,kvyat,30.077,4.0531360697612895,2020
12,latifi,26.739,0.0,2020
12,leclerc,26.94,0.0,2020
12,max_verstappen,26.394,0.0,2020
12,norris,31.2785,4.9900525548334675,2020
12,ocon,28.535,0.0,2020
12,perez,26.406,0.3238549057834414,2020
12,raikkonen,29.061,0.0,2020
12,ricciardo,26.999,0.0,2020
12,russell,32.991,0.0,2020
12,sainz,27.299,0.0,2020
12,stroll,36.8985,0.8266078272070719,2020
12,vettel,26.666,0.0,2020
13,albon,29.661,0.1541492782986686,2020
13,bottas,29.8645,0.3740594872476848,2020
13,giovinazzi,29.745,0.0,2020
13,grosjean,30.8105,0.5494219689819482,2020
13,hamilton,30.6535,0.3839589821842948,2020
13,kevin_magnussen,30.708,0.0,2020
13,kvyat,30.043,0.3309259735953029,2020
13,latifi,29.892,0.0,2020
13,leclerc,30.243,0.0,2020
13,max_verstappen,29.427,0.0,2020
13,norris,29.943,0.3676955262170057,2020
13,ocon,30.559,0.0,2020
13,perez,30.27,0.4030508652763322,2020
13,raikkonen,29.863,0.0,2020
13,ricciardo,30.204,0.0,2020
13,russell,29.707,0.0,2020
13,sainz,30.282,0.4695189027078686,2020
13,stroll,34.461666666666666,3.380944296100328,2020
13,vettel,35.2155,7.469168929673499,2020
14,albon,22.546,0.0791959594928946,2020
14,bottas,23.398,0.0,2020
14,gasly,23.4785,0.2694076836320748,2020
14,giovinazzi,25.432,0.0,2020
14,grosjean,26.686,0.0,2020
14,hamilton,23.86,0.0,2020
14,kevin_magnussen,13.2925,15.923337605539864,2020
14,kvyat,23.417,0.0,2020
14,latifi,24.738,0.0,2020
14,leclerc,23.981,0.4157787873376893,2020
14,max_verstappen,23.387,1.2289515857022193,2020
14,norris,22.684,0.0,2020
14,ocon,24.597,1.5867476169826125,2020
14,perez,25.163,0.0,2020
14,raikkonen,31.0605,0.4179001076812503,2020
14,ricciardo,23.339,0.1852619766708757,2020
14,russell,22.692,0.0,2020
14,sainz,23.7235,0.2637508293825842,2020
14,stroll,23.73,0.0,2020
14,vettel,24.7115,0.9751002512562488,2020
15,albon,21.5965,3.6423070298919074,2020
15,bottas,21.9775,4.183950824280803,2020
15,gasly,19.02,0.0,2020
15,giovinazzi,19.014,0.0,2020
15,hamilton,21.542,3.5624039636178253,2020
15,kevin_magnussen,28.6565,13.63372584805782,2020
15,kvyat,28.17,12.9358114550267,2020
15,latifi,19.017,0.0,2020
15,leclerc,19.014,0.0,2020
15,max_verstappen,21.823,3.958383761082292,2020
15,norris,21.846,4.006467022202976,2020
15,ocon,21.548,3.5751318856791836,2020
15,perez,21.67,3.7434232996015817,2020
15,raikkonen,25.6495,9.37411459819006,2020
15,ricciardo,21.818,3.958383761082296,2020
15,russell,19.023,0.0,2020
15,sainz,19.017,0.0,2020
15,stroll,19.014,0.0,2020
15,vettel,19.017,0.0,2020
16,aitken,25.2755,0.5833630944789,2020
16,albon,23.874,0.0,2020
16,bottas,24.552,0.0,2020
16,gasly,24.827,0.353553390593275,2020
16,giovinazzi,24.6805,0.183140656327316,2020
16,kevin_magnussen,25.47,0.0056568542494905,2020
16,kvyat,24.1665,0.0926309883354378,2020
16,latifi,24.297,0.0,2020
16,norris,24.565,0.4525483399593908,2020
16,ocon,24.414,0.0,2020
16,perez,24.3605,0.2071822868876591,2020
16,pietro_fittipaldi,27.037,0.910753534168272,2020
16,raikkonen,26.4595,2.9111586181450155,2020
16,ricciardo,24.5845,0.1562705986422283,2020
16,russell,24.708,0.0,2020
16,sainz,24.5075,0.4886107857999061,2020
16,stroll,24.684,0.0,2020
16,vettel,27.148,1.3180470401317226,2020
17,albon,21.508,0.0,2020
17,bottas,21.587,0.0,2020
17,gasly,22.0,0.0,2020
17,giovinazzi,21.48,0.0,2020
17,hamilton,22.406,0.0,2020
17,kevin_magnussen,22.906,0.2715290039756345,2020
17,kvyat,25.724,0.0,2020
17,latifi,21.8705,0.726198664278585,2020
17,leclerc,22.178,0.0,2020
17,max_verstappen,21.289,0.0,2020
17,norris,21.84,0.0,2020
17,ocon,21.615,0.0,2020
17,pietro_fittipaldi,26.015666666666664,2.655898592441612,2020
17,raikkonen,22.012,0.0,2020
17,ricciardo,22.123,0.0,2020
17,russell,22.085,0.0,2020
17,sainz,22.14,0.0,2020
17,stroll,22.036,0.0,2020
17,vettel,22.04,0.0,2020
1,alonso,24.574,0.2842569260369915,2021
1,bottas,28.5795,6.105867055545836,2021
1,gasly,31.3275,9.914344179016584,2021
1,giovinazzi,28.1105,5.4977552237254095,2021
1,hamilton,24.4575,0.5395224740453345,2021
1,latifi,26.046,0.0,2021
1,leclerc,24.5505,0.5296229791087258,2021
1,max_verstappen,24.767,0.0,2021
1,mick_schumacher,25.798,0.0,2021
1,norris,24.899,0.0,2021
1,ocon,24.8485,0.5338656197958439,2021
1,perez,24.049,0.0791959594928946,2021
1,raikkonen,24.0765,0.0431335136523793,2021
1,ricciardo,24.6715,0.0233345237791556,2021
1,russell,24.621,0.0,2021
1,sainz,24.353,0.0,2021
1,stroll,25.2045,0.4532554467405757,2021
1,tsunoda,25.046,0.0,2021
1,vettel,24.626,0.0,2021
2,alonso,30.864,0.0,2021
2,bottas,30.167,0.0,2021
2,gasly,31.6725,0.854892098454537,2021
2,giovinazzi,32.299,0.0,2021
2,hamilton,35.155,4.303451870301327,2021
2,leclerc,31.002,0.0,2021
2,max_verstappen,28.405,1.9855558415718253,2021
2,mazepin,31.334,0.2347594513539343,2021
2,mick_schumacher,41.742999999999995,13.10127444182435,2021
2,norris,30.654,0.0,2021
2,ocon,30.739666666666665,0.1121174978909769,2021
2,perez,44.608,0.0,2021
2,raikkonen,27.166,4.403861033229819,2021
2,ricciardo,34.34,0.0,2021
2,russell,29.983,0.0,2021
2,sainz,30.856,0.0,2021
2,stroll,27.595,5.010558651487876,2021
2,tsunoda,30.696,0.0,2021
2,vettel,34.23666666666667,4.579214051923469,2021
3,alonso,21.452,0.0,2021
3,bottas,21.7245,0.4914392129246507,2021
3,gasly,21.836,0.6830651506262044,2021
3,giovinazzi,22.485,0.0,2021
3,hamilton,22.295,0.1852619766708745,2021
3,latifi,21.97,0.0,2021
3,leclerc,21.955,0.8937829714197969,2021
3,max_verstappen,22.411,0.434163563648542,2021
3,mazepin,21.372,0.0,2021
3,mick_schumacher,22.019,0.0,2021
3,norris,21.979,0.8089301576774092,2021
3,ocon,21.7575,0.682358043845017,2021
3,perez,21.995,0.1484924240491756,2021
3,ricciardo,21.965,0.0,2021
3,russell,23.1435,0.5494219689819482,2021
3,sainz,22.1365,0.1520279579551088,2021
3,stroll,22.264,0.0,2021
3,tsunoda,22.266,0.0,2021
3,vettel,21.574,0.2489015869776662,2021
4,alonso,22.043,0.0,2021
4,bottas,22.311,0.0,2021
4,gasly,27.0535,1.3979501064058035,2021
4,giovinazzi,38.772,22.487409855294587,2021
4,hamilton,22.149,0.1004091629284906,2021
4,latifi,23.500333333333337,2.7901957517947267,2021
4,leclerc,21.613,0.0,2021
4,max_verstappen,23.565,0.0,2021
4,mazepin,22.799999999999997,0.4214356415871811,2021
4,mick_schumacher,24.006,0.0,2021
4,norris,21.864,0.0,2021
4,ocon,22.798,0.0,2021
4,perez,22.382,0.0,2021
4,raikkonen,21.572,0.0,2021
4,ricciardo,22.084,0.4553767670841354,2021
4,russell,22.8665,1.3399673503485086,2021
4,sainz,21.817500000000003,0.0544472221513641,2021
4,stroll,21.594,0.2291025971044438,2021
4,vettel,22.53,0.7877169542418158,2021
5,alonso,23.803,0.0,2021
5,gasly,24.428,0.0,2021
5,giovinazzi,24.521,0.0,2021
5,hamilton,24.0135,0.3259762261269973,2021
5,latifi,23.703,0.0,2021
5,max_verstappen,23.746,0.0,2021
5,mazepin,25.202,0.0,2021
5,mick_schumacher,24.797,0.0,2021
5,norris,23.874,0.0,2021
5,ocon,23.935,0.0,2021
5,perez,24.548,0.0,2021
5,raikkonen,24.077,0.0,2021
5,ricciardo,24.715,0.0,2021
5,russell,23.928,0.0,2021
5,sainz,24.15,0.0,2021
5,stroll,23.474,0.0,2021
5,tsunoda,24.43,0.0,2021
5,vettel,24.369,0.0,2021
6,alonso,20.0755,0.1308147545195091,2021
6,bottas,20.356,0.0,2021
6,gasly,17.6205,3.585738487396981,2021
6,giovinazzi,20.2975,0.1477853172679869,2021
6,hamilton,18.951,4.976617525990921,2021
6,latifi,22.149,0.0,2021
6,leclerc,17.464,3.354514569948979,2021
6,max_verstappen,19.769,0.0,2021
6,mazepin,22.832333333333334,1.6896610113668762,2021
6,mick_schumacher,15.012,12.134451326697883,2021
6,norris,20.533,0.0,2021
6,perez,18.5755,4.664783435487653,2021
6,raikkonen,20.048,0.0,2021
6,ricciardo,20.082,0.0,2021
6,russell,19.9995,0.0417193000900083,2021
6,sainz,20.064,0.0,2021
6,tsunoda,20.253,0.0,2021
6,vettel,17.393,3.4619948006893373,2021
7,alonso,31.288,0.0,2021
7,bottas,30.572,0.0,2021
7,gasly,30.781,0.0,2021
7,giovinazzi,30.586,0.0,2021
7,hamilton,30.263,0.0,2021
7,latifi,29.775,0.0,2021
7,leclerc,31.083,0.403050865276331,2021
7,max_verstappen,29.963,0.2262741699796954,2021
7,mazepin,30.983,0.0,2021
7,mick_schumacher,31.457,0.0,2021
7,norris,30.531,0.0,2021
7,ocon,30.207,0.0,2021
7,perez,29.682,0.0,2021
7,raikkonen,31.327,0.0,2021
7,ricciardo,29.951,0.0,2021
7,russell,30.092,0.0,2021
7,sainz,30.534,0.0,2021
7,stroll,30.996,0.0,2021
7,tsunoda,30.226,0.0,2021
7,vettel,31.069,0.0,2021
8,alonso,21.131,0.0,2021
8,bottas,21.752,0.0,2021
8,giovinazzi,21.21,0.0,2021
8,hamilton,21.4295,0.2976919548795361,2021
8,latifi,24.186,3.1579388847791217,2021
8,leclerc,25.155,4.569324020027471,2021
8,max_verstappen,20.936,0.0,2021
8,mazepin,22.759,0.0,2021
8,mick_schumacher,22.4,0.0,2021
8,norris,21.692,0.0,2021
8,ocon,21.238,0.0,2021
8,perez,22.219,1.779080661465356,2021
8,raikkonen,21.227,0.0,2021
8,ricciardo,21.41,0.0,2021
8,russell,41.812,6.368203671366047,2021
8,sainz,21.226,0.0,2021
8,stroll,20.936,0.0,2021
8,tsunoda,21.234,0.0,2021
8,vettel,21.546,0.0,2021
9,alonso,22.663,0.0,2021
9,bottas,21.071,0.0,2021
9,gasly,21.707,1.2119810229537415,2021
9,giovinazzi,24.1255,4.237690939650977,2021
9,hamilton,21.213,0.2941564209736028,2021
9,latifi,21.152,0.0,2021
9,leclerc,21.143,0.0,2021
9,max_verstappen,21.163,0.1032375900532365,2021
9,mazepin,22.591,0.8358002153624969,2021
9,mick_schumacher,21.798,0.0,2021
9,norris,26.474,0.0,2021
9,perez,21.735,0.0,2021
9,raikkonen,21.896,0.0,2021
9,ricciardo,21.151,0.0,2021
9,russell,21.606,0.0,2021
9,sainz,21.431,0.0,2021
9,stroll,21.4315,0.0572756492761125,2021
9,tsunoda,23.8745,3.860095918497364,2021
9,vettel,20.9635,0.1732411613907023,2021
10,alonso,34.018,0.0,2021
10,bottas,31.109,4.101219330881977,2021
10,gasly,34.027,0.0,2021
10,giovinazzi,31.0835,4.166980261532325,2021
10,hamilton,34.008,0.0,2021
10,latifi,30.79,4.59195143702544,2021
10,leclerc,34.007,0.0,2021
10,mazepin,34.036,0.0,2021
10,mick_schumacher,34.035,0.0,2021
10,norris,32.859,1.6305882374161806,2021
10,ocon,31.399,3.715139028354124,2021
10,perez,30.964,4.344464063610148,2021
10,raikkonen,31.066,4.180415290374868,2021
10,ricciardo,31.414,3.6727126214829298,2021
10,russell,30.921999999999997,4.398204178980321,2021
10,sainz,34.019,0.0,2021
10,stroll,31.12,4.111118825818587,2021
10,tsunoda,34.035,0.0,2021
10,vettel,31.08,4.150716805565033,2021
11,alonso,30.568,9.268755687793266,2021
11,gasly,31.927999999999997,11.187843491933556,2021
11,giovinazzi,25.2945,1.8080720394940035,2021
11,hamilton,24.009,0.0,2021
11,latifi,31.5475,10.653977872137716,2021
11,max_verstappen,23.292499999999997,1.023183512376935,2021
11,mazepin,23.866,0.213546247918337,2021
11,mick_schumacher,30.415,9.048138372063065,2021
11,norris,38.267,0.0,2021
11,ocon,31.766,10.968640389765724,2021
11,raikkonen,29.734,8.085058936086984,2021
11,ricciardo,29.2545,7.406943532929083,2021
11,russell,26.6955,3.7879710268163342,2021
11,sainz,33.399,13.275222709996244,2021
11,tsunoda,32.3765,11.827775128907382,2021
11,vettel,32.4465,11.92959850539824,2021
13,alonso,19.018,0.0,2021
13,bottas,20.3015,2.020204073849966,2021
13,gasly,19.163,0.0,2021
13,giovinazzi,19.546,0.7028641404994281,2021
13,hamilton,19.28,0.4560307007209058,2021
13,kubica,19.708,0.0,2021
13,latifi,20.646,0.0,2021
13,leclerc,19.49,0.0,2021
13,max_verstappen,18.86,0.3988082245892128,2021
13,mazepin,19.999,0.0,2021
13,mick_schumacher,30.0755,7.774639059146089,2021
13,norris,20.443,0.0,2021
13,ocon,19.24,0.0,2021
13,perez,18.921,0.5176021638285523,2021
13,ricciardo,19.449,0.0,2021
13,russell,22.0835,4.878329683405992,2021
13,sainz,20.327,0.0,2021
13,stroll,19.389,0.0,2021
13,tsunoda,19.85,0.0,2021
13,vettel,18.6725,0.0120208152801721,2021
14,alonso,24.797,0.0,2021
14,bottas,24.308,0.0,2021
14,giovinazzi,33.8705,4.6944819202974895,2021
14,hamilton,25.619,0.0,2021
14,kubica,24.501,0.0,2021
14,latifi,24.168,0.0,2021
14,leclerc,24.557,0.0,2021
14,max_verstappen,32.456,0.0,2021
14,mazepin,26.88366666666667,3.493501729401796,2021
14,mick_schumacher,24.714,0.0,2021
14,norris,24.168,0.0,2021
14,ocon,30.333,0.0,2021
14,perez,23.906,0.0,2021
14,ricciardo,23.812,0.0,2021
14,russell,24.156,0.0,2021
14,sainz,24.283,0.0,2021
14,stroll,24.846,0.0,2021
14,vettel,25.542,0.54447222151364,2021
15,alonso,30.157,0.0,2021
15,bottas,29.7525,0.2595081886954623,2021
15,gasly,29.354,0.0,2021
15,giovinazzi,30.081,0.0,2021
15,hamilton,29.9615,0.1180868324581545,2021
15,latifi,30.056,0.0,2021
15,leclerc,31.849,0.0,2021
15,max_verstappen,30.2975,1.017526658127442,2021
15,mazepin,32.028999999999996,2.689834195633627,2021
15,mick_schumacher,29.996,0.0,2021
15,norris,29.824,0.0,2021
15,ocon,29.901,0.0,2021
15,perez,36.026,0.0,2021
15,raikkonen,30.1165,0.0205060966544085,2021
15,ricciardo,32.3165,1.8391847378662096,2021
15,russell,31.373,1.0012632021601542,2021
15,sainz,30.696,0.0268700576850877,2021
15,stroll,36.682500000000005,9.10965666202629,2021
15,tsunoda,30.546,0.6137686860699247,2021
15,vettel,29.242,0.0,2021
16,alonso,29.116,0.0,2021
16,bottas,22.962,0.0,2021
16,gasly,29.31,0.0,2021
16,giovinazzi,23.15,0.0,2021
16,hamilton,22.684,0.0,2021
16,latifi,24.104,0.0,2021
16,leclerc,23.646,0.0,2021
16,max_verstappen,22.442,0.0,2021
16,mazepin,23.829,0.0,2021
16,mick_schumacher,23.892,0.0,2021
16,norris,23.239,0.0,2021
16,perez,22.463,0.0,2021
16,raikkonen,23.164,0.0,2021
16,ricciardo,23.028,0.0,2021
16,russell,23.551,0.0,2021
16,sainz,28.353,0.0,2021
16,stroll,35.509,0.0,2021
16,tsunoda,23.329,0.0,2021
16,vettel,23.507,0.0098994949366124,2021
17,alonso,23.71,0.1895046173579952,2021
17,bottas,24.444,0.0,2021
17,gasly,23.745,0.0,2021
17,giovinazzi,23.7475,0.3471894295625946,2021
17,hamilton,24.481,0.0,2021
17,latifi,28.1315,6.333555439087906,2021
17,leclerc,24.011,0.0,2021
17,max_verstappen,23.8895,0.2298097038856286,2021
17,mazepin,27.642000000000003,4.286481307552854,2021
17,mick_schumacher,24.293,0.0,2021
17,norris,24.966500000000003,0.8223651865199537,2021
17,ocon,32.3595,11.936669573210104,2021
17,perez,24.311,0.9998489885977792,2021
17,raikkonen,24.191,0.0,2021
17,ricciardo,24.106,0.0989949493661158,2021
17,russell,23.572,0.0,2021
17,sainz,25.14,2.440932608655961,2021
17,stroll,23.827,0.0,2021
17,tsunoda,23.802,0.0,2021
17,vettel,24.977,0.0,2021
18,alonso,23.985,0.0,2021
18,bottas,25.8125,4.307717454367994,2021
18,gasly,22.549,0.0,2021
18,giovinazzi,22.205,0.0,2021
18,hamilton,22.373,0.0,2021
18,latifi,23.21,0.6660945878777279,2021
18,leclerc,22.085,0.0,2021
18,max_verstappen,21.908,0.0,2021
18,mazepin,24.3655,1.0302545801888003,2021
18,norris,22.534,0.0,2021
18,ocon,23.1,0.0,2021
18,perez,22.114,0.0,2021
18,raikkonen,22.424,0.0,2021
18,ricciardo,30.4705,10.829340353871975,2021
18,russell,21.984,0.0,2021
18,sainz,22.031,0.0,2021
18,stroll,24.821,1.7465537495307752,2021
18,vettel,22.277,0.0,2021
19,alonso,17.751,0.0,2021
19,bottas,17.868000000000002,0.043840620433568,2021
19,gasly,19.439,0.0,2021
19,giovinazzi,17.713,0.0,2021
19,hamilton,18.285,0.5303300858899106,2021
19,latifi,18.153,0.0,2021
19,leclerc,17.857,0.1216223663640853,2021
19,max_verstappen,17.8615,0.0770746391493349,2021
19,mazepin,17.995,0.0,2021
19,mick_schumacher,17.861,0.0,2021
19,norris,20.901666666666667,5.552425175842832,2021
19,ocon,19.285,0.0,2021
19,perez,18.222,0.1216223663640878,2021
19,raikkonen,18.327,0.0,2021
19,ricciardo,19.732,0.0,2021
19,russell,21.911,1.5089658710520926,2021
19,sainz,18.46,0.0,2021
19,stroll,17.948,0.0,2021
19,tsunoda,22.469333333333335,8.201005568424726,2021
19,vettel,18.107,0.0,2021
20,alonso,25.991,0.0,2021
20,bottas,36.341,0.0,2021
20,gasly,25.8695,0.338704148188357,2021
20,giovinazzi,25.667,0.4525483399593896,2021
20,hamilton,25.308,0.1032375900532365,2021
20,latifi,25.811,0.0,2021
20,leclerc,25.799,0.0,2021
20,max_verstappen,25.313333333333333,0.1454590434910574,2021
20,mazepin,26.515,0.0,2021
20,mick_schumacher,25.881,0.0,2021
20,norris,25.9355,0.8718626612030147,2021
20,ocon,25.517,0.0,2021
20,perez,25.4195,0.0007071067811886,2021
20,raikkonen,25.9035,0.3825447686219237,2021
20,ricciardo,25.562,0.0,2021
20,russell,30.5635,6.282643750842477,2021
20,sainz,25.639,0.0,2021
20,stroll,26.157,0.0,2021
20,tsunoda,26.1665,0.717713382904346,2021
20,vettel,25.726,0.0,2021
21,alonso,18.232,3.0730860710367343,2021
21,bottas,18.8515,3.9831324984238226,2021
21,gasly,16.041,0.0,2021
21,giovinazzi,16.044,0.0,2021
21,hamilton,18.307499999999997,3.213800320492856,2021
21,latifi,20.1385,5.772112654825789,2021
21,leclerc,18.285,3.1763236610899694,2021
21,max_verstappen,17.021500000000003,1.393707465718684,2021
21,mazepin,16.059,0.0,2021
21,norris,18.515,3.476136936313069,2021
21,ocon,17.0225,1.393707465718684,2021
21,perez,18.376,3.300774454578803,2021
21,raikkonen,16.048,0.0,2021
21,ricciardo,16.037,0.0,2021
21,russell,18.76,2.4876016562142707,2021
21,sainz,16.044,0.0,2021
21,stroll,22.0825,7.187740430761255,2021
21,tsunoda,16.046,0.0,2021
21,vettel,16.052,0.0,2021
22,alonso,21.304,0.0,2021
22,bottas,21.669,0.0,2021
22,gasly,22.0265,0.1506137443927315,2021
22,giovinazzi,22.283,0.0,2021
22,hamilton,21.595,0.0,2021
22,latifi,21.241,0.0,2021
22,leclerc,21.817,0.9107535341682746,2021
22,max_verstappen,21.492,0.3610830929301449,2021
22,mick_schumacher,22.097,0.0381837661840737,2021
22,norris,21.7765,0.5607356774809317,2021
22,ocon,21.677,0.0,2021
22,perez,21.423,0.0438634243989223,2021
22,raikkonen,22.338,0.0,2021
22,ricciardo,21.7525,0.4292138161802338,2021
22,sainz,22.213,0.0,2021
22,stroll,22.4745,0.2637508293825842,2021
22,tsunoda,22.182,0.3860803025278545,2021
22,vettel,21.221,0.0,2021
1,albon,24.874,0.0,2022
1,alonso,25.137,0.3224406922210666,2022
1,bottas,25.893,0.0,2022
1,gasly,25.225,0.9192388155425112,2022
1,hamilton,25.4985,0.420728534805995,2022
1,hulkenberg,27.365,0.0,2022
1,kevin_magnussen,25.478,0.0,2022
1,latifi,24.6175,0.2269812767608803,2022
1,leclerc,24.7695,0.3429467888754751,2022
1,max_verstappen,24.917,0.0282842712474625,2022
1,mick_schumacher,25.214,0.0,2022
1,norris,24.568,0.0,2022
1,ocon,27.9385,3.5998806230207143,2022
1,perez,24.609499999999997,0.6173042199758555,2022
1,ricciardo,24.915,0.0,2022
1,russell,25.888,0.0,2022
1,sainz,24.552,0.1612203461105339,2022
1,stroll,25.739,0.0,2022
1,tsunoda,25.2225,1.2339013331705235,2022
1,zhou,25.428,0.0,2022
2,albon,20.683,0.0,2022
2,alonso,21.543,0.0,2022
2,bottas,22.6355,0.1053589103967962,2022
2,gasly,22.82,0.0,2022
2,hamilton,21.788,0.0,2022
2,hulkenberg,21.425,0.0,2022
2,kevin_magnussen,22.374,0.0,2022
2,leclerc,21.038,0.0,2022
2,max_verstappen,20.731,0.0,2022
2,norris,20.383,0.0,2022
2,ocon,21.141,0.0,2022
2,perez,20.481,0.0,2022
2,ricciardo,20.65,0.0,2022
2,russell,21.415,0.0,2022
2,sainz,21.521,0.0,2022
2,stroll,22.339,0.0,2022
2,zhou,24.4185,13.174106440286568,2022
3,albon,19.845,0.0,2022
3,alonso,18.595,0.2842569260369928,2022
3,bottas,18.413,0.0,2022
3,gasly,18.926,0.0,2022
3,hamilton,17.877,0.0,2022
3,kevin_magnussen,19.111,0.0,2022
3,latifi,18.244,0.435577777210913,2022
3,leclerc,17.973,0.0,2022
3,max_verstappen,18.281,0.0,2022
3,mick_schumacher,19.039,0.0,2022
3,norris,17.556,0.0,2022
3,ocon,19.128,0.0,2022
3,perez,17.434,0.0,2022
3,ricciardo,18.15,0.0,2022
3,russell,18.479,0.0,2022
3,stroll,19.068,1.1661680839398754,2022
3,tsunoda,18.443,0.0,2022
3,zhou,18.38,0.0,2022
4,albon,30.793,0.0,2022
4,bottas,40.957,0.0,2022
4,gasly,30.405,0.0,2022
4,hamilton,32.74,0.0,2022
4,kevin_magnussen,33.765,0.0,2022
4,latifi,31.125,0.0,2022
4,leclerc,32.79866666666667,3.3731435387977986,2022
4,max_verstappen,29.9715,0.0417193000900057,2022
4,mick_schumacher,31.152,0.2375878784786789,2022
4,norris,30.07,0.0,2022
4,ocon,31.409,0.0,2022
4,perez,29.996499999999997,0.522551911296858,2022
4,ricciardo,30.97966666666667,1.2045564882284845,2022
4,russell,31.079,0.0,2022
4,stroll,32.667,0.0,2022
4,tsunoda,30.372,0.0,2022
4,vettel,30.484,0.0,2022
4,zhou,32.203,0.0,2022
5,albon,20.059,0.0,2022
5,alonso,21.638,0.0,2022
5,bottas,19.614,0.0,2022
5,gasly,19.275,0.3790092347159867,2022
5,hamilton,18.82,0.0,2022
5,kevin_magnussen,20.216500000000003,0.6455884912233169,2022
5,latifi,19.185,0.0,2022
5,leclerc,19.697,0.0,2022
5,max_verstappen,18.798,0.0,2022
5,mick_schumacher,26.397,8.462653957240601,2022
5,norris,19.986,0.0,2022
5,ocon,19.019,0.0,2022
5,perez,18.476,0.060811183182042,2022
5,ricciardo,19.382,0.1442497833620561,2022
5,russell,19.035,0.0,2022
5,sainz,22.063,0.0,2022
5,stroll,19.074,0.0,2022
5,tsunoda,19.244,0.5289158723275358,2022
5,vettel,19.861,0.0,2022
6,albon,23.038,0.5388153672641496,2022
6,alonso,22.1445,0.3259762261269973,2022
6,bottas,22.987,0.0,2022
6,gasly,24.9775,4.199507173466905,2022
6,hamilton,26.5795,6.327898584838413,2022
6,kevin_magnussen,26.755000000000003,4.068692418947396,2022
6,latifi,22.75,0.6208397538817888,2022
6,leclerc,21.794,0.0,2022
6,max_verstappen,22.0695,0.1463711037056121,2022
6,mick_schumacher,23.3545,0.3217335854398817,2022
6,norris,21.916,0.0,2022
6,ocon,22.137,0.0,2022
6,perez,22.032,0.0,2022
6,ricciardo,22.124,0.0,2022
6,russell,22.154,0.0,2022
6,sainz,22.104,0.3351686142824224,2022
6,stroll,23.1135,0.3966869042456531,2022
6,tsunoda,23.083,0.0,2022
6,vettel,22.536,0.0,2022
6,zhou,23.109,0.0,2022
7,albon,27.231,0.0,2022
7,alonso,24.526,0.0,2022
7,bottas,25.865,0.0,2022
7,gasly,32.128,4.748929142448853,2022
7,hamilton,24.6515,0.2043538597629095,2022
7,latifi,33.34466666666667,5.5765780128438385,2022
7,leclerc,26.872,1.6433161594775352,2022
7,max_verstappen,26.9695,0.0558614357137376,2022
7,mick_schumacher,32.2455,6.517403202196408,2022
7,norris,24.816000000000003,0.0791959594928933,2022
7,ocon,24.875,0.0,2022
7,perez,24.4725,0.0898025612106932,2022
7,ricciardo,26.056,0.0,2022
7,russell,25.352,0.0,2022
7,sainz,24.666,0.0,2022
7,stroll,29.7405,4.2560757159618285,2022
7,tsunoda,25.5445,0.6738727624707807,2022
7,vettel,24.965,0.0,2022
7,zhou,25.594,0.0,2022
8,albon,23.5585,2.854590075650092,2022
8,alonso,20.571,0.0,2022
8,bottas,20.979,0.0,2022
8,gasly,22.698,0.0,2022
8,hamilton,21.1505,0.4518412331782047,2022
8,kevin_magnussen,21.555,0.0,2022
8,latifi,25.732,5.180264278972648,2022
8,leclerc,23.212,0.0,2022
8,max_verstappen,21.095,0.5275016587651622,2022
8,mick_schumacher,24.602,3.3531003563866064,2022
8,norris,21.443,0.0,2022
8,ocon,22.638,0.0,2022
8,perez,22.864,0.7283199846221448,2022
8,ricciardo,21.794,0.0,2022
8,russell,20.5325,0.0077781745930502,2022
8,stroll,22.059,0.0,2022
8,tsunoda,32.2915,13.022785589112646,2022
8,vettel,20.249,0.0,2022
8,zhou,23.001,0.0,2022
9,albon,23.667,0.1937472580451134,2022
9,alonso,24.459,0.9616652224137042,2022
9,bottas,26.089,0.0,2022
9,gasly,23.585,0.039597979746446,2022
9,hamilton,23.843,0.0028284271247446,2022
9,kevin_magnussen,38.262,0.0,2022
9,latifi,27.027,4.2525401820558955,2022
9,leclerc,26.199,0.0,2022
9,max_verstappen,23.9605,0.3627457787486975,2022
9,norris,33.583,13.362903950863371,2022
9,ocon,24.8145,1.229658692483408,2022
9,ricciardo,27.937,0.0,2022
9,russell,24.01,0.0834386001800128,2022
9,sainz,24.548,0.4709331162702396,2022
9,stroll,25.252,0.0,2022
9,tsunoda,23.349,0.1428355697996813,2022
9,vettel,23.5435,0.1944543648263008,2022
9,zhou,24.281,0.0,2022
10,alonso,50.055,0.0,2022
10,bottas,50.055,0.0,2022
10,gasly,39.84,14.436292044704556,2022
10,hamilton,50.046,0.0,2022
10,kevin_magnussen,40.238,15.224008998946369,2022
10,latifi,39.44,15.00622011034091,2022
10,leclerc,50.036,0.0,2022
10,max_verstappen,36.242666666666665,11.946345647658672,2022
10,mick_schumacher,40.076,15.45594002317556,2022
10,norris,50.043,0.0,2022
10,ocon,39.676,13.20026939119047,2022
10,perez,43.668,9.002883538067122,2022
10,ricciardo,40.6325,14.66610174859018,2022
10,sainz,39.3025,15.172390203919749,2022
10,stroll,39.8205,15.822928442611374,2022
10,tsunoda,42.385000000000005,10.784792626657229,2022
10,vettel,40.4265,14.963086596688528,2022
11,albon,22.2115,0.1265721138323922,2022
11,alonso,21.552,0.0,2022
11,bottas,23.4775,1.696349168066528,2022
11,gasly,25.167,3.4549237328774693,2022
11,hamilton,23.026,0.0,2022
11,kevin_magnussen,22.1465,0.0827314933988241,2022
11,latifi,21.464,0.3648670990922585,2022
11,leclerc,21.532,0.0,2022
11,max_verstappen,21.732999999999997,0.4087077195258228,2022
11,mick_schumacher,22.5,0.5374011537017748,2022
11,norris,25.004,3.280975464705581,2022
11,ocon,21.932,0.2503158005400385,2022
11,perez,23.681,0.0,2022
11,ricciardo,21.356,0.0,2022
11,russell,29.966,11.646048686142436,2022
11,sainz,21.212,0.0,2022
11,stroll,21.431,0.0,2022
11,tsunoda,21.749,0.0,2022
11,vettel,22.112,0.0,2022
11,zhou,22.704,0.0,2022
12,albon,37.38,0.0,2022
12,alonso,36.524,0.0,2022
12,bottas,37.1875,0.9439875528840366,2022
12,gasly,35.969,0.0,2022
12,hamilton,37.189,0.0,2022
12,kevin_magnussen,36.591,0.2658721497261452,2022
12,latifi,37.2195,0.3924442635585311,2022
12,max_verstappen,35.266,0.0,2022
12,mick_schumacher,36.8535,0.2114249275747798,2022
12,norris,37.539,0.0,2022
12,ocon,44.747,0.0,2022
12,perez,38.061,0.0,2022
12,ricciardo,36.264,0.0,2022
12,russell,38.277,0.0,2022
12,sainz,41.875,0.5897270555095828,2022
12,stroll,39.844,0.0,2022
12,tsunoda,37.648,0.0,2022
12,vettel,36.671,0.0,2022
12,zhou,43.617,10.144153882902206,2022
13,albon,25.77933333333333,4.875795046280488,2022
13,alonso,22.083,0.0,2022
13,bottas,22.272,0.0,2022
13,gasly,21.675,0.0,2022
13,hamilton,21.699,0.0,2022
13,kevin_magnussen,26.4255,4.547403709810685,2022
13,latifi,22.1585,0.4150716805565057,2022
13,leclerc,21.8735,0.1393000358937517,2022
13,max_verstappen,21.2895,0.0869741340859436,2022
13,mick_schumacher,22.7595,0.2736503243191942,2022
13,norris,23.567,0.0,2022
13,ocon,23.581,0.0,2022
13,perez,21.1425,0.0346482322781442,2022
13,ricciardo,21.558,0.0,2022
13,russell,22.253,0.7212489168102807,2022
13,sainz,22.82,0.0,2022
13,stroll,21.779,0.0,2022
13,tsunoda,21.7965,0.3104198769408944,2022
13,vettel,21.402,0.0,2022
13,zhou,22.321,0.0,2022
14,albon,23.8745,0.7643824304626589,2022
14,alonso,23.2975,0.9284312036979386,2022
14,gasly,22.6995,0.2227386360737608,2022
14,kevin_magnussen,25.1055,2.417598084876805,2022
14,latifi,29.9965,8.242743748291588,2022
14,leclerc,23.6935,0.7134707422172267,2022
14,max_verstappen,22.882,0.0,2022
14,mick_schumacher,24.158,0.0,2022
14,norris,23.298,0.3705239533417477,2022
14,ocon,23.511,0.0,2022
14,perez,22.4995,0.2128391411371509,2022
14,ricciardo,23.085,0.0,2022
14,russell,22.901,0.1074802307403559,2022
14,sainz,22.6465,0.1463711037056158,2022
14,stroll,23.452,0.1456639969244272,2022
14,tsunoda,30.055,0.0,2022
14,vettel,23.222,0.0,2022
14,zhou,23.554,0.2687005768508886,2022
15,albon,19.325,0.0,2022
15,alonso,19.578,0.0,2022
15,bottas,20.395,0.924895669792004,2022
15,gasly,18.7445,0.0629325035256055,2022
15,hamilton,19.046,0.0,2022
15,kevin_magnussen,22.2475,2.068287334970651,2022
15,latifi,20.5085,0.3174909447527622,2022
15,leclerc,19.08,0.0,2022
15,max_verstappen,19.634,0.0,2022
15,mick_schumacher,24.3135,3.534826799151549,2022
15,norris,19.303,0.0,2022
15,ocon,19.455,0.0,2022
15,perez,18.7865,0.068589357775096,2022
15,ricciardo,19.5565,0.014849242404918,2022
15,russell,19.359,0.0,2022
15,sainz,29.705,0.0,2022
15,stroll,20.2095,0.0063639610306791,2022
15,tsunoda,18.774,0.0,2022
15,vettel,20.7735,2.287490437138481,2022
15,zhou,22.4905,4.161323407282831,2022
16,bottas,24.758,0.0,2022
16,de_vries,24.628,0.0,2022
16,gasly,25.376,0.0,2022
16,hamilton,24.282,0.0,2022
16,kevin_magnussen,27.505000000000003,3.760393862350062,2022
16,latifi,25.5225,1.781201981808912,2022
16,leclerc,23.718,0.1865020107130212,2022
16,max_verstappen,23.941000000000003,0.2121320343559635,2022
16,mick_schumacher,24.817,0.0,2022
16,norris,25.749,1.3647160876900366,2022
16,ocon,24.336,0.0,2022
16,perez,23.4985,0.2821356056934331,2022
16,ricciardo,25.164,0.0,2022
16,russell,24.5945,0.6795296167202711,2022
16,sainz,24.1265,0.5635641046056763,2022
16,stroll,24.254,0.0,2022
16,tsunoda,23.9565,0.0742462120245865,2022
16,zhou,25.366,0.0,2022
17,bottas,32.167,0.0,2022
17,gasly,29.867,0.0,2022
17,hamilton,41.019,0.0,2022
17,kevin_magnussen,35.925,4.698017454203418,2022
17,leclerc,32.058,0.0,2022
17,max_verstappen,29.591,0.2602152954766472,2022
17,mick_schumacher,32.9615,2.4897229765578346,2022
17,norris,30.528,0.0,2022
17,perez,29.55,0.0,2022
17,ricciardo,30.946,0.0,2022
17,russell,30.79875,1.632504900452062,2022
17,sainz,30.603,0.0,2022
17,stroll,29.863,0.0,2022
17,tsunoda,31.293,0.0,2022
17,vettel,29.704,0.0,2022
18,alonso,6.036,0.0,2022
18,bottas,15.458,13.309163835493198,2022
18,gasly,23.684,24.939656172449535,2022
18,hamilton,15.5475,13.451292298511694,2022
18,kevin_magnussen,6.042,0.0,2022
18,latifi,15.416,13.249766865873529,2022
18,leclerc,15.964,14.0502117421767,2022
18,max_verstappen,15.1675,12.926619066871275,2022
18,mick_schumacher,6.04,0.0,2022
18,norris,15.3205,13.11612368422927,2022
18,ocon,15.6025,13.533316685129334,2022
18,perez,15.677,13.6400898090885,2022
18,ricciardo,6.041,0.0,2022
18,russell,17.384500000000003,16.042131544779203,2022
18,stroll,6.04,0.0,2022
18,tsunoda,15.2405,13.008643453488917,2022
18,vettel,15.1335,12.84742310737838,2022
18,zhou,6.05,0.0,2022
19,albon,24.4675,0.2213244225113898,2022
19,alonso,31.7885,11.198450093651354,2022
19,bottas,25.013,0.0,2022
19,gasly,26.294,3.710896387667,2022
19,hamilton,24.2485,0.160513239329344,2022
19,kevin_magnussen,29.039,0.0,2022
19,latifi,24.758000000000003,0.7962022356160546,2022
19,leclerc,24.0345,0.3952726906832821,2022
19,max_verstappen,28.06,5.931211680592759,2022
19,mick_schumacher,24.93,0.3945655839020934,2022
19,norris,23.863999999999997,0.2291025971044412,2022
19,ocon,24.816,0.0,2022
19,perez,23.403,0.0,2022
19,ricciardo,26.206,0.0,2022
19,russell,30.038,0.0,2022
19,stroll,25.417,0.0,2022
19,tsunoda,23.4645,0.3160767311903874,2022
19,vettel,24.307,0.0,2022
19,zhou,26.1705,1.6341237713221113,2022
20,albon,23.182,0.0,2022
20,alonso,23.159,0.0,2022
20,bottas,23.863,0.0,2022
20,gasly,29.168,0.0,2022
20,hamilton,23.194,0.0,2022
20,kevin_magnussen,23.722,0.0,2022
20,latifi,23.9325,0.1506137443927353,2022
20,leclerc,22.193,0.0,2022
20,max_verstappen,22.487,0.0,2022
20,mick_schumacher,23.679,0.0,2022
20,norris,22.585,0.0,2022
20,ocon,22.343,0.0,2022
20,perez,24.892,0.0,2022
20,ricciardo,22.28,0.0,2022
20,russell,22.9565,0.2283954903232538,2022
20,sainz,23.469,0.0,2022
20,stroll,23.314,0.2757716446627539,2022
20,tsunoda,22.468,0.0,2022
20,vettel,22.534,0.0,2022
20,zhou,24.218,0.0,2022
21,albon,23.8565,0.7134707422172267,2022
21,alonso,26.1665,3.8021131624400666,2022
21,bottas,24.262,0.5006316010800745,2022
21,gasly,23.394,0.093338095116624,2022
21,hamilton,24.081,0.0,2022
21,latifi,26.5495,3.1925871170572613,2022
21,leclerc,25.45866666666667,4.002264025939983,2022
21,max_verstappen,31.312,0.5232590180780453,2022
21,mick_schumacher,24.487,0.0,2022
21,norris,29.338,0.0,2022
21,ocon,23.868,0.0,2022
21,perez,22.869,0.0,2022
21,russell,23.521,0.0,2022
21,sainz,24.3445,1.2183449839844207,2022
21,stroll,23.469,0.0,2022
21,tsunoda,23.466,0.2531442276647831,2022
21,vettel,24.138,0.1555634918610409,2022
21,zhou,24.7215,0.5508361825443218,2022
22,albon,21.7955,0.0035355339059345,2022
22,alonso,21.74,0.0,2022
22,bottas,22.573,0.0,2022
22,gasly,21.855,0.0,2022
22,hamilton,21.27,0.0,2022
22,kevin_magnussen,22.387,0.0,2022
22,latifi,23.798499999999997,1.9452507550441944,2022
22,leclerc,22.21,0.0,2022
22,max_verstappen,22.735,0.0,2022
22,mick_schumacher,22.903,0.8867119036079328,2022
22,norris,21.896500000000003,0.4772970773009213,2022
22,ocon,21.8145,0.1138441917710338,2022
22,perez,21.3635,0.0049497474683056,2022
22,ricciardo,21.893,0.0,2022
22,russell,26.087,2.607809809015989,2022
22,sainz,21.7525,0.2510229073212234,2022
22,stroll,21.808,0.0084852813742388,2022
22,tsunoda,21.9265,0.4744686501761729,2022
22,vettel,23.186,0.0,2022
22,zhou,22.435,0.0,2022
1,albon,24.987,0.0947523086789963,2023
1,alonso,25.8,0.0,2023
1,bottas,25.521,0.1725340546095174,2023
1,de_vries,25.126,0.152735064736295,2023
1,gasly,25.382,0.7113494218736669,2023
1,hamilton,24.686,0.0056568542494942,2023
1,hulkenberg,31.921999999999997,8.268906699195487,2023
1,kevin_magnussen,25.3915,0.0671751442127212,2023
1,leclerc,24.345,0.0,2023
1,max_verstappen,24.289,0.0,2023
1,norris,33.298,0.4708258701473441,2023
1,ocon,33.214,11.664433462453292,2023
1,perez,24.264,0.0,2023
1,russell,27.062,0.0,2023
1,sainz,24.5,0.0,2023
1,sargeant,25.6,0.0,2023
1,stroll,25.449,0.0,2023
1,tsunoda,24.8195,0.6328605691619585,2023
1,zhou,25.787,0.0,2023
2,albon,21.397,0.0,2023
2,alonso,26.879,0.0,2023
2,bottas,21.834666666666664,0.343776574730352,2023
2,de_vries,21.116,0.0,2023
2,gasly,20.719,0.0,2023
2,hamilton,21.102,0.0,2023
2,hulkenberg,21.567,0.0,2023
2,kevin_magnussen,20.87,0.0,2023
2,leclerc,20.026,0.0,2023
2,max_verstappen,20.824,0.0,2023
2,norris,25.398,5.721908073361542,2023
2,ocon,20.762,0.0,2023
2,perez,20.715,0.0,2023
2,piastri,31.534,0.0,2023
2,russell,20.828,0.0,2023
2,sainz,20.76,0.0,2023
2,sargeant,21.064,0.0,2023
2,stroll,21.15,0.0,2023
2,tsunoda,21.414,0.0,2023
2,zhou,21.4925,0.2976919548795361,2023
3,alonso,15.026,0.0,2023
3,bottas,18.348,4.682461105017316,2023
3,de_vries,16.5585,2.151725935150663,2023
3,gasly,15.026,0.0,2023
3,hamilton,15.025,0.0,2023
3,hulkenberg,15.026,0.0,2023
3,kevin_magnussen,17.9145,4.065156885041463,2023
3,max_verstappen,15.025,0.0,2023
3,norris,15.034,0.0,2023
3,ocon,16.5465,2.1347553724021875,2023
3,perez,16.836000000000002,1.559956089125589,2023
3,piastri,15.034,0.0,2023
3,russell,17.088,2.9104515113638314,2023
3,sainz,16.678,2.3207244558542484,2023
3,sargeant,17.899,1.936995267590159,2023
3,stroll,15.027,0.0,2023
3,tsunoda,15.031,0.0,2023
3,zhou,16.994,2.7676159415641464,2023
4,albon,21.103,0.0,2023
4,alonso,23.148,0.0,2023
4,bottas,21.444333333333333,0.7881156852476247,2023
4,gasly,20.702,0.6604377336282373,2023
4,hamilton,20.324,0.0,2023
4,hulkenberg,24.748,0.0,2023
4,kevin_magnussen,30.951,0.0,2023
4,leclerc,21.126,0.0,2023
4,max_verstappen,20.707,0.0,2023
4,norris,20.346,0.0,2023
4,ocon,20.367,0.0,2023
4,perez,20.389,0.0,2023
4,piastri,20.902,0.0,2023
4,russell,20.924,0.657609306503489,2023
4,sainz,21.97,0.0,2023
4,sargeant,21.015,0.0,2023
4,stroll,23.161,0.0,2023
4,tsunoda,20.497,0.0,2023
4,zhou,22.247,0.0,2023
5,albon,22.482,0.0,2023
5,alonso,22.631,0.0,2023
5,bottas,23.158,0.0,2023
5,de_vries,23.487,0.0,2023
5,gasly,22.417,0.0,2023
5,hamilton,22.15,0.0,2023
5,hulkenberg,23.12,0.0,2023
5,kevin_magnussen,22.616,0.0,2023
5,leclerc,22.068,0.0,2023
5,max_verstappen,22.688,0.0,2023
5,norris,24.09,0.0,2023
5,ocon,21.942,0.0,2023
5,perez,21.884,0.0,2023
5,piastri,22.205,0.0,2023
5,russell,22.335,0.0,2023
5,sainz,22.278,0.0,2023
5,sargeant,48.938,0.0,2023
5,stroll,22.651,0.0,2023
5,tsunoda,22.39,0.0,2023
5,zhou,22.796,0.0,2023
6,albon,25.64,1.9091883092036763,2023
6,alonso,25.165,1.0620743853421948,2023
6,bottas,30.395,0.0,2023
6,de_vries,24.539,0.0,2023
6,gasly,26.9255,4.275874705835054,2023
6,hamilton,25.6395,1.4785602794610704,2023
6,hulkenberg,32.494,0.0,2023
6,leclerc,24.192,0.0,2023
6,max_verstappen,24.798,0.0,2023
6,norris,29.045499999999997,6.197790937100088,2023
6,ocon,25.27,0.7962022356160509,2023
6,perez,27.284333333333336,4.744382081297136,2023
6,piastri,25.851,0.0,2023
6,russell,30.98,0.0,2023
6,sainz,24.252,0.0,2023
6,sargeant,26.032,1.7006316473592973,2023
6,stroll,24.656,0.0,2023
6,tsunoda,33.706,0.0,2023
6,zhou,25.7005,0.6229610742253447,2023
7,albon,23.384,0.0919238815542529,2023
7,alonso,22.558,0.0,2023
7,bottas,23.691,0.0,2023
7,de_vries,22.249,0.3860803025278545,2023
7,gasly,23.388,0.0,2023
7,hamilton,22.575,0.0,2023
7,hulkenberg,22.7775,0.6781154031579013,2023
7,kevin_magnussen,23.462,1.8922177464552024,2023
7,leclerc,21.778,0.0,2023
7,max_verstappen,22.241,0.0,2023
7,norris,30.293,10.525991544742944,2023
7,ocon,23.110999999999997,1.412799348810724,2023
7,perez,21.775,0.0,2023
7,piastri,22.37,0.0,2023
7,russell,22.275,0.0,2023
7,sainz,22.321,0.0,2023
7,sargeant,23.205,0.8796408357960649,2023
7,stroll,22.863,0.7184204896855311,2023
7,tsunoda,22.0925,0.1180868324581533,2023
7,zhou,23.1595,0.3825447686219237,2023
8,albon,25.064,0.0,2023
8,alonso,23.9795,0.0728319984622142,2023
8,bottas,24.038,0.0,2023
8,de_vries,24.96,0.0,2023
8,gasly,25.816000000000003,2.4027488424718895,2023
8,hamilton,24.043999999999997,0.4171930009000617,2023
8,hulkenberg,24.54,0.4808326112068521,2023
8,kevin_magnussen,24.909,0.0,2023
8,leclerc,24.343,0.0,2023
8,max_verstappen,23.777,0.1880904037956216,2023
8,norris,24.716,1.6206887424795668,2023
8,ocon,24.05,0.4978031739553299,2023
8,perez,23.281,0.0,2023
8,piastri,24.132,0.9842926394116726,2023
8,russell,1.028,0.0,2023
8,sainz,24.133,0.0,2023
8,stroll,23.775,0.0905096679918781,2023
8,tsunoda,25.5845,2.741452990660245,2023
8,zhou,25.835,2.3673935034125604,2023
9,albon,19.1495,3.411790219225094,2023
9,alonso,16.6,0.0,2023
9,bottas,17.13,0.0,2023
9,de_vries,19.183,3.0405591591021524,2023
9,gasly,19.097,3.842418248967699,2023
9,hamilton,19.204,3.94424162545856,2023
9,hulkenberg,19.3345,3.615436972206817,2023
9,kevin_magnussen,26.1205,0.6597306268470488,2023
9,leclerc,16.393,0.0,2023
9,max_verstappen,16.369,0.0,2023
9,norris,19.683,2.2726411947335627,2023
9,ocon,18.143,0.0,2023
9,perez,17.428,0.0,2023
9,piastri,17.324,0.0,2023
9,russell,20.104,3.0518728676011393,2023
9,sainz,16.38,0.0,2023
9,sargeant,17.337,0.0,2023
9,stroll,16.646,0.0,2023
9,tsunoda,22.9685,9.507050673053133,2023
9,zhou,20.920499999999997,4.883986537655485,2023
10,albon,29.634,0.0,2023
10,alonso,28.679,0.0,2023
10,bottas,29.662,0.0,2023
10,de_vries,28.3275,0.1209152595828991,2023
10,gasly,28.458,0.0,2023
10,hamilton,29.169,0.0,2023
10,hulkenberg,35.9875,8.463361064021786,2023
10,leclerc,28.5245,0.3966869042456531,2023
10,max_verstappen,29.056,0.0,2023
10,norris,28.438,0.0,2023
10,perez,28.06,0.0,2023
10,piastri,28.655,0.0,2023
10,russell,29.455,0.0,2023
10,sainz,28.869,0.0,2023
10,sargeant,28.847,0.0,2023
10,stroll,28.561,0.0,2023
10,tsunoda,28.478,0.1767766952966369,2023
10,zhou,30.753333333333337,3.144308562042432,2023
11,albon,21.919,0.2220315292925759,2023
11,alonso,23.534,0.8739839815465744,2023
11,bottas,22.678,0.7976164491784257,2023
11,hamilton,21.974,0.0,2023
11,hulkenberg,22.4385,0.6837722574073919,2023
11,kevin_magnussen,22.4525,0.4249711754931144,2023
11,leclerc,24.928,4.915806342808877,2023
11,max_verstappen,21.407,0.0,2023
11,norris,21.541,0.0,2023
11,perez,21.371,0.6943788591251892,2023
11,piastri,21.6005,0.6074047250392456,2023
11,ricciardo,22.0805,0.1732411613907035,2023
11,russell,21.886,0.0,2023
11,sainz,21.402,0.0,2023
11,sargeant,23.099,1.275620633260533,2023
11,stroll,22.1565,0.3486036431249656,2023
11,tsunoda,26.17,0.0,2023
11,zhou,26.032,4.495784914784067,2023
12,albon,24.3055,1.0033845225037126,2023
12,alonso,23.085,0.0,2023
12,bottas,23.574,0.2998132752230995,2023
12,gasly,25.664,0.0,2023
12,hamilton,23.0565,0.0473761543394988,2023
12,hulkenberg,24.9045,0.471640223051427,2023
12,kevin_magnussen,23.605,0.0466690475583139,2023
12,leclerc,23.224,0.0,2023
12,max_verstappen,22.887,0.0,2023
12,norris,24.378,0.8966113985445427,2023
12,ocon,23.212,0.1796051224213815,2023
12,perez,23.684,0.0,2023
12,ricciardo,23.0665,0.3160767311903874,2023
12,russell,23.837,0.0,2023
12,sainz,23.303,0.0,2023
12,sargeant,23.754,0.2602152954766497,2023
12,stroll,25.397,0.0,2023
12,tsunoda,22.673499999999997,0.089802561210692,2023
12,zhou,24.247,0.2856711395993639,2023
13,alonso,20.378,0.3804234482783602,2023
13,gasly,23.9935,6.329312798400787,2023
13,hamilton,20.118,0.2093036072312176,2023
13,kevin_magnussen,25.739,7.922424376414079,2023
13,lawson,36.7385,8.347395551907196,2023
13,leclerc,29.944000000000003,3.8777735880270265,2023
13,max_verstappen,19.834000000000003,0.7707463914933379,2023
13,norris,20.2825,0.1590990257669729,2023
13,ocon,21.1645,1.936765473669952,2023
13,perez,21.063,2.2669843404840724,2023
13,russell,20.6745,0.7445834405894364,2023
13,sainz,20.241999999999997,1.033790114094731,2023
13,stroll,20.122,0.121622366364084,2023
13,tsunoda,25.612499999999997,9.487251683179906,2023
13,zhou,21.6595,2.020204073849966,2023
14,albon,24.538,0.0,2023
14,alonso,24.798,0.0,2023
14,bottas,24.658,0.0,2023
14,gasly,26.031,1.9021172413918128,2023
14,hamilton,24.255,0.0,2023
14,hulkenberg,25.2115,1.2494576823566304,2023
14,kevin_magnussen,24.7125,0.074246212024589,2023
14,lawson,24.246499999999997,0.0487903679018723,2023
14,leclerc,23.931,0.0,2023
14,max_verstappen,24.228,0.0,2023
14,norris,23.727,0.0,2023
14,ocon,24.249,0.0,2023
14,perez,23.819,0.0,2023
14,piastri,27.966,5.420680584576072,2023
14,russell,24.215,0.0,2023
14,sainz,25.183,0.0,2023
14,sargeant,24.779,0.0,2023
14,stroll,25.667,0.0,2023
14,zhou,25.1775,1.1052078989945715,2023
15,albon,29.9625,0.2481944801964788,2023
15,alonso,41.689,15.583219243789133,2023
15,bottas,30.487,0.0,2023
15,gasly,31.802,0.0,2023
15,hamilton,33.106,0.6717514421272222,2023
15,hulkenberg,35.497,0.0,2023
15,kevin_magnussen,32.2765,1.1334921702420393,2023
15,lawson,32.348,0.0,2023
15,leclerc,32.888,0.0,2023
15,max_verstappen,29.698,0.0,2023
15,norris,29.485,0.0,2023
15,ocon,29.755,0.0,2023
15,perez,28.977,0.0,2023
15,piastri,29.369,0.0,2023
15,russell,30.0075,0.0445477272147541,2023
15,sainz,29.499,0.0,2023
15,sargeant,16.0105,21.223810037314223,2023
15,zhou,30.3345,0.4277996026178628,2023
16,albon,51.154,1.4297699115592006,2023
16,alonso,24.19,0.1470782104868045,2023
16,bottas,54.657,1.6192745289171908,2023
16,gasly,24.488,0.0,2023
16,hamilton,24.841,0.0,2023
16,hulkenberg,23.59,0.098994949366117,2023
16,kevin_magnussen,23.816,0.0,2023
16,lawson,23.4035,0.3783021279348018,2023
16,leclerc,23.197,0.0,2023
16,max_verstappen,24.382,0.0,2023
16,norris,23.523,0.0,2023
16,ocon,27.056,0.0,2023
16,perez,38.324666666666666,5.093127755449816,2023
16,piastri,24.455,0.0,2023
16,russell,24.034,0.0,2023
16,sainz,23.075,0.0,2023
16,sargeant,37.255,5.85835719293387,2023
16,stroll,23.441,0.0,2023
16,tsunoda,22.944,0.0,2023
16,zhou,32.566,11.98545994111198,2023
17,albon,29.253,0.0,2023
17,alonso,28.4025,0.0417193000900045,2023
17,bottas,29.682,0.4171930009000641,2023
17,gasly,29.3105,1.2466292552318858,2023
17,hulkenberg,39.879,0.0,2023
17,kevin_magnussen,28.8455,0.1449568901432422,2023
17,lawson,28.9975,0.4702260094890535,2023
17,leclerc,28.0505,0.2510229073212234,2023
17,max_verstappen,28.233,0.0,2023
17,norris,28.134,0.0,2023
17,ocon,28.965,0.0056568542494942,2023
17,perez,27.808,0.0,2023
17,piastri,28.371499999999997,0.7120565286548531,2023
17,russell,34.114000000000004,7.879997969542887,2023
17,sargeant,29.4045,0.0445477272147504,2023
17,stroll,28.521,0.5161879502661813,2023
17,tsunoda,27.6885,0.1308147545195091,2023
17,zhou,28.984,0.0,2023
18,albon,24.4585,0.1477853172679894,2023
18,alonso,25.055,0.0,2023
18,bottas,24.9015,0.1675843071412118,2023
18,gasly,24.39,0.6929646455628157,2023
18,hamilton,24.916,0.0,2023
18,hulkenberg,25.4405,1.6015968593875305,2023
18,kevin_magnussen,24.906,0.2276883835420664,2023
18,leclerc,23.963,0.0,2023
18,max_verstappen,24.365,0.8612560594852137,2023
18,norris,23.758000000000003,0.5614427842621204,2023
18,perez,23.996,0.3521391770309027,2023
18,ricciardo,23.963,0.0,2023
18,russell,24.357,0.0,2023
18,sainz,23.6705,0.0035355339059345,2023
18,sargeant,25.2685,0.3938584771209085,2023
18,stroll,24.457,0.0,2023
18,tsunoda,24.2395,0.1619274528917188,2023
18,zhou,25.176499999999997,0.6498311319104363,2023
19,albon,23.68,0.0,2023
19,alonso,22.844,0.0,2023
19,bottas,23.638,0.0,2023
19,gasly,22.627,0.0,2023
19,hamilton,21.111,1.5542207050480317,2023
19,hulkenberg,21.5815,2.209708691207961,2023
19,kevin_magnussen,23.642,0.0,2023
19,leclerc,21.129,1.582504976295493,2023
19,max_verstappen,21.602666666666664,1.3804297639986374,2023
19,norris,21.999,1.760128688477069,2023
19,piastri,21.8765,2.6269016921080266,2023
19,ricciardo,21.2115,1.6892781002546629,2023
19,russell,21.1645,1.621395849260753,2023
19,sainz,21.041,1.4509831149947952,2023
19,sargeant,23.945,0.0,2023
19,stroll,22.582,0.0,2023
19,tsunoda,25.0695,7.143899810327687,2023
19,zhou,22.817,0.0,2023
20,alonso,20.7575,3.2109718933681113,2023
20,bottas,21.885,1.6305882374161806,2023
20,gasly,21.7795,1.7769593411217963,2023
20,hamilton,20.7735,3.185516049245397,2023
20,hulkenberg,34.261,0.0,2023
20,max_verstappen,20.7785,3.1727881271840364,2023
20,norris,21.205,2.5724544699566625,2023
20,ocon,22.621499999999997,0.5833630944789024,2023
20,perez,21.921,1.5697770542341347,2023
20,piastri,26.024,0.0,2023
20,ricciardo,26.016,0.0,2023
20,russell,21.7395,1.82504260224248,2023
20,sainz,23.0315,0.0021213203435597,2023
20,sargeant,27.472,0.0,2023
20,stroll,20.7665,3.1996581848691266,2023
20,tsunoda,22.002,1.4608826099314052,2023
20,zhou,22.1475,1.260771390855615,2023
21,albon,21.242,0.0,2023
21,alonso,26.259,4.306280297426076,2023
21,bottas,32.7445,15.796058384926289,2023
21,gasly,22.262,0.0,2023
21,hamilton,23.7775,1.7953441174326452,2023
21,hulkenberg,23.8035,2.33274527113442,2023
21,kevin_magnussen,21.7395,0.1817264427649412,2023
21,leclerc,22.559,0.0,2023
21,max_verstappen,24.0045,3.792213667503454,2023
21,ocon,21.763,0.0,2023
21,perez,27.5835,8.507201684455351,2023
21,piastri,23.269,0.0,2023
21,ricciardo,22.242,0.0,2023
21,russell,21.6045,0.491439212924647,2023
21,sainz,21.9455,0.9680291834443834,2023
21,sargeant,21.367,0.0,2023
21,stroll,22.396,0.2460731598529178,2023
21,tsunoda,20.7565,0.1944543648262995,2023
21,zhou,22.155,0.0,2023
22,albon,22.17,0.0,2023
22,alonso,22.1515,0.4391133111168438,2023
22,bottas,22.665,0.0,2023
22,gasly,23.2845,0.2736503243191942,2023
22,hamilton,22.12,0.1060660171779811,2023
22,hulkenberg,21.971,0.1555634918610396,2023
22,kevin_magnussen,22.4635,0.4249711754931144,2023
22,leclerc,21.5825,0.4758828637385477,2023
22,max_verstappen,21.662,0.0,2023
22,norris,22.746499999999997,1.8589837277394332,2023
22,ocon,22.16,0.0,2023
22,perez,21.446,0.0,2023
22,piastri,21.426499999999997,0.3825447686219212,2023
22,ricciardo,21.716,0.0339411254969518,2023
22,russell,21.866999999999997,0.3068843430349636,2023
22,sainz,21.229,0.0,2023
22,sargeant,22.124,0.0,2023
22,stroll,21.866,0.0,2023
22,tsunoda,21.486,0.0,2023
22,zhou,22.867,0.0,2023
